Date,Open,Close
2015-01-01 00:00:00,2130.361626,1844.227936
2015-01-02 00:00:00,2130.373119,1875.954651
2015-01-05 00:00:00,2170.946899,1873.416656
2015-01-06 00:00:00,2141.241137,1828.373199
2015-01-07 00:00:00,2096.113347,1831.494873
2015-01-08 00:00:00,2139.953373,1885.848969
2015-01-09 00:00:00,2180.192702,1889.524902
2015-01-12 00:00:00,2163.971485,1900.81839
2015-01-13 00:00:00,2186.773818,1908.196167
2015-01-14 00:00:00,2182.284589,1899.529144
2015-01-15 00:00:00,2261.425984,1944.812531
2015-01-16 00:00:00,2235.762537,1947.648682
2015-01-19 00:00:00,2245.7688,1965.641907
2015-01-20 00:00:00,2257.504646,2003.812195
2015-01-21 00:00:00,2298.323863,1996.160095
2015-01-22 00:00:00,2297.723315,2014.567017
2015-01-23 00:00:00,2329.551501,2024.49823
2015-01-27 00:00:00,2331.858241,2077.141876
2015-01-28 00:00:00,2370.58402,2050.39566
2015-01-29 00:00:00,2354.756958,2063.042511
2015-01-30 00:00:00,2370.071915,2023.056152
2015-02-02 00:00:00,2296.914681,2060.94455
2015-02-03 00:00:00,2353.083051,1995.907379
2015-02-04 00:00:00,2275.74515,1961.503845
2015-02-05 00:00:00,2230.258676,1963.362152
2015-02-06 00:00:00,2230.544775,1934.454407
2015-02-09 00:00:00,2177.351336,1910.995819
2015-02-10 00:00:00,2142.29744,1936.909729
2015-02-11 00:00:00,2216.153729,1962.855652
2015-02-12 00:00:00,2236.798413,1982.828705
2015-02-13 00:00:00,2256.087593,1990.685577
2015-02-16 00:00:00,2288.833068,1967.769531
2015-02-18 00:00:00,2249.460695,1981.57666
2015-02-19 00:00:00,2262.821296,1976.317139
2015-02-20 00:00:00,2250.345845,1958.804291
2015-02-23 00:00:00,2256.714037,1951.81839
2015-02-24 00:00:00,2224.302146,1968.732758
2015-02-25 00:00:00,2248.11954,1956.074707
2015-02-26 00:00:00,2227.58335,1943.21814
2015-02-27 00:00:00,2214.227854,1978.650635
2015-03-02 00:00:00,2375.636227,2114.362427
2015-03-03 00:00:00,2394.791249,2100.758606
2015-03-04 00:00:00,2438.104537,2075.709259
2015-03-05 00:00:00,2338.263019,2088.457062
2015-03-09 00:00:00,2335.2641,2015.944153
2015-03-10 00:00:00,2283.515172,1999.362427
2015-03-11 00:00:00,2258.339197,2012.755829
2015-03-12 00:00:00,2289.544265,2013.802002
2015-03-13 00:00:00,2300.770908,1973.720459
2015-03-16 00:00:00,2227.58233,1964.445313
2015-03-17 00:00:00,2238.033205,1993.670715
2015-03-18 00:00:00,2255.54964,1998.90152
2015-03-19 00:00:00,2279.976345,1964.166534
2015-03-20 00:00:00,2215.891062,1956.172943
2015-03-23 00:00:00,2217.518567,1945.502075
2015-03-24 00:00:00,2183.606977,1944.59082
2015-03-25 00:00:00,2193.291672,1943.976013
2015-03-26 00:00:00,2168.169257,1896.108002
2015-03-27 00:00:00,2151.088935,1904.05661
2015-03-30 00:00:00,2156.039655,1940.691559
2015-03-31 00:00:00,2192.489264,1928.929596
2015-04-01 00:00:00,2174.912943,1973.041321
2015-04-06 00:00:00,2232.877296,1988.452332
2015-04-07 00:00:00,2243.803731,1969.454437
2015-04-08 00:00:00,2225.116356,1959.379944
2015-04-09 00:00:00,2220.714292,2018.485535
2015-04-10 00:00:00,2276.524658,2002.317963
2015-04-13 00:00:00,2265.758209,2008.92511
2015-04-15 00:00:00,2273.511592,1987.909027
2015-04-16 00:00:00,2252.166366,1972.822906
2015-04-17 00:00:00,2233.130938,1933.18512
2015-04-20 00:00:00,2199.074707,1905.24054
2015-04-21 00:00:00,2166.385024,1899.915833
2015-04-22 00:00:00,2172.29753,1927.278351
2015-04-23 00:00:00,2197.104606,1932.318451
2015-04-24 00:00:00,2187.434881,1910.859207
2015-04-27 00:00:00,2166.921268,1886.916016
2015-04-28 00:00:00,2127.10745,1919.849731
2015-04-29 00:00:00,2167.276307,1927.624207
2015-04-30 00:00:00,2179.032445,1943.320587
2015-05-04 00:00:00,2186.492715,1950.874115
2015-05-05 00:00:00,2206.980771,1983.570618
2015-05-06 00:00:00,2230.917103,1904.564636
2015-05-07 00:00:00,2140.307065,1852.583237
2015-05-08 00:00:00,2114.311176,1900.646149
2015-05-11 00:00:00,2151.768599,1924.578308
2015-05-12 00:00:00,2174.868384,1875.245346
2015-05-13 00:00:00,2133.631545,1928.094635
2015-05-14 00:00:00,2171.101283,1916.359802
2015-05-15 00:00:00,2180.978114,1928.591461
2015-05-18 00:00:00,2194.856539,1956.06839
2015-05-19 00:00:00,2213.872135,1954.840515
2015-05-20 00:00:00,2223.126104,1965.890778
2015-05-21 00:00:00,2234.386946,1980.033173
2015-05-22 00:00:00,2246.424419,1973.078217
2015-05-25 00:00:00,2226.743648,1959.128967
2015-05-26 00:00:00,2212.900458,1964.591187
2015-05-27 00:00:00,2210.617542,1981.631073
2015-05-28 00:00:00,2241.910089,1972.471375
2015-05-29 00:00:00,2226.765313,2010.414948
2015-06-01 00:00:00,2267.824855,1993.13385
2015-06-02 00:00:00,2253.644445,1929.414032
2015-06-03 00:00:00,2177.512262,1911.906876
2015-06-04 00:00:00,2164.455959,1930.498489
2015-06-05 00:00:00,2161.560833,1911.926865
2015-06-08 00:00:00,2148.456492,1910.581573
2015-06-09 00:00:00,2142.456733,1907.217712
2015-06-10 00:00:00,2144.011912,1925.549942
2015-06-11 00:00:00,2175.908526,1871.192932
2015-06-12 00:00:00,2102.230238,1901.160568
2015-06-15 00:00:00,2135.127086,1890.078323
2015-06-16 00:00:00,2104.942582,1894.748428
2015-06-17 00:00:00,2137.996368,1893.541168
2015-06-18 00:00:00,2137.466458,1909.480042
2015-06-19 00:00:00,2153.066219,1927.302948
2015-06-22 00:00:00,2179.030368,1978.574554
2015-06-23 00:00:00,2232.85923,1989.95163
2015-06-24 00:00:00,2237.928138,1992.474609
2015-06-25 00:00:00,2225.299115,2008.808136
2015-06-26 00:00:00,2242.919244,1987.720947
2015-06-29 00:00:00,2187.26906,1975.829102
2015-06-30 00:00:00,2214.674041,1982.991669
2015-07-01 00:00:00,2219.90957,2019.163361
2015-07-02 00:00:00,2272.156408,2035.626648
2015-07-03 00:00:00,2280.517761,2043.065125
2015-07-06 00:00:00,2271.48868,2053.671844
2015-07-07 00:00:00,2303.408688,2045.920959
2015-07-08 00:00:00,2270.437036,2018.37027
2015-07-09 00:00:00,2268.45895,2020.203247
2015-07-10 00:00:00,2273.800505,2041.479095
2015-07-13 00:00:00,2293.851674,2056.057098
2015-07-14 00:00:00,2308.751275,2049.195892
2015-07-15 00:00:00,2298.435603,2054.154968
2015-07-16 00:00:00,2308.538989,2117.450012
2015-07-17 00:00:00,2362.924459,2101.363647
2015-07-20 00:00:00,2355.567005,2103.450104
2015-07-21 00:00:00,2346.506879,2061.030762
2015-07-22 00:00:00,2299.209286,2086.183044
2015-07-23 00:00:00,2333.23267,2065.664581
2015-07-24 00:00:00,2313.378316,2056.396469
2015-07-27 00:00:00,2288.206438,2009.111374
2015-07-28 00:00:00,2253.986558,2029.51268
2015-07-29 00:00:00,2273.955055,2035.393356
2015-07-30 00:00:00,2280.496166,2027.326523
2015-07-31 00:00:00,2252.633049,2023.757355
2015-08-03 00:00:00,2276.58016,2022.972046
2015-08-04 00:00:00,2290.763188,2023.732605
2015-08-05 00:00:00,2299.138518,2025.47699
2015-08-06 00:00:00,2291.369167,2046.036499
2015-08-07 00:00:00,2309.014039,2037.609192
2015-08-10 00:00:00,2303.640198,2036.073456
2015-08-11 00:00:00,2300.961361,2022.78801
2015-08-12 00:00:00,2260.658165,1971.041412
2015-08-13 00:00:00,2223.631889,1988.599625
2015-08-14 00:00:00,2233.698206,2038.102371
2015-08-17 00:00:00,2287.558607,2027.25354
2015-08-18 00:00:00,2291.434147,2008.667923
2015-08-19 00:00:00,2268.481183,2009.522949
2015-08-20 00:00:00,2251.772999,1965.962418
2015-08-21 00:00:00,2183.903711,1940.942947
2015-08-24 00:00:00,2121.785016,1816.528305
2015-08-25 00:00:00,2072.020124,1839.936981
2015-08-26 00:00:00,2065.574346,1813.737213
2015-08-27 00:00:00,2061.905434,1857.792221
2015-08-28 00:00:00,2113.61289,1857.56282
2015-08-31 00:00:00,2076.119814,1856.285431
2015-09-01 00:00:00,2063.980996,1772.967026
2015-09-02 00:00:00,2010.014619,1747.332367
2015-09-03 00:00:00,1973.354199,1794.182693
2015-09-04 00:00:00,1995.291063,1740.754791
2015-09-07 00:00:00,1954.656981,1704.741486
2015-09-08 00:00:00,1919.055512,1766.830841
2015-09-09 00:00:00,2010.827527,1801.968369
2015-09-10 00:00:00,1982.179774,1798.933044
2015-09-11 00:00:00,2016.095737,1793.480759
2015-09-14 00:00:00,2004.236332,1830.858292
2015-09-15 00:00:00,2044.894589,1804.852753
2015-09-16 00:00:00,2037.252894,1826.310593
2015-09-18 00:00:00,2064.855092,1881.768341
2015-09-21 00:00:00,2086.778399,1902.780075
2015-09-22 00:00:00,2135.979162,1844.541183
2015-09-23 00:00:00,2030.222842,1873.358337
2015-09-24 00:00:00,2088.85201,1868.150757
2015-09-28 00:00:00,2093.978815,1845.300217
2015-09-29 00:00:00,2035.544709,1862.830383
2015-09-30 00:00:00,2097.381635,1853.814316
2015-10-01 00:00:00,2083.637439,1843.917084
2015-10-05 00:00:00,2089.101204,1898.600693
2015-10-06 00:00:00,2138.574458,1890.339722
2015-10-07 00:00:00,2107.277172,1886.747604
2015-10-08 00:00:00,2115.739171,1868.717194
2015-10-09 00:00:00,2108.617241,1881.421097
2015-10-12 00:00:00,2117.048591,1879.293213
2015-10-13 00:00:00,2098.695947,1874.997894
2015-10-14 00:00:00,2091.270944,1876.387772
2015-10-15 00:00:00,2108.351511,1882.730621
2015-10-16 00:00:00,2109.586483,1904.714447
2015-10-19 00:00:00,2138.670275,1902.437119
2015-10-20 00:00:00,2134.909748,1898.649994
2015-10-21 00:00:00,2133.631533,1900.579956
2015-10-23 00:00:00,2149.105302,1931.974304
2015-10-26 00:00:00,2177.080976,1920.184357
2015-10-27 00:00:00,2142.44106,1922.465439
2015-10-28 00:00:00,2117.758392,1885.214386
2015-10-29 00:00:00,2111.384299,1860.699585
2015-10-30 00:00:00,2084.2962,1893.346848
2015-11-02 00:00:00,2113.046541,1889.440826
2015-11-03 00:00:00,2118.461801,1883.301193
2015-11-04 00:00:00,2116.794861,1864.382996
2015-11-05 00:00:00,2079.453034,1830.123886
2015-11-06 00:00:00,2043.469357,1835.316132
2015-11-09 00:00:00,2010.186242,1827.874817
2015-11-10 00:00:00,2040.890595,1812.964722
2015-11-13 00:00:00,2044.225727,1849.717178
2015-11-16 00:00:00,2063.551692,1864.528168
2015-11-17 00:00:00,2104.457953,1857.31633
2015-11-18 00:00:00,2078.043782,1829.319824
2015-11-19 00:00:00,2065.702976,1852.549927
2015-11-20 00:00:00,2071.64286,1849.315186
2015-11-23 00:00:00,2083.418725,1852.490982
2015-11-24 00:00:00,2072.355046,1844.167084
2015-11-26 00:00:00,2068.063223,1853.502075
2015-11-27 00:00:00,2080.786589,1884.832474
2015-11-30 00:00:00,2110.287112,1878.350693
2015-12-01 00:00:00,2113.684843,1870.483368
2015-12-02 00:00:00,2107.999102,1854.959152
2015-12-03 00:00:00,2071.870632,1847.905304
2015-12-04 00:00:00,2059.673269,1823.87883
2015-12-07 00:00:00,2056.987935,1835.316055
2015-12-08 00:00:00,2047.17655,1827.023605
2015-12-09 00:00:00,2039.210728,1811.130249
2015-12-10 00:00:00,2030.617217,1825.453598
2015-12-11 00:00:00,2045.033295,1791.47226
2015-12-14 00:00:00,1982.145802,1792.566544
2015-12-15 00:00:00,2000.172964,1809.496536
2015-12-16 00:00:00,2025.719571,1827.767807
2015-12-17 00:00:00,2050.350426,1840.845337
2015-12-18 00:00:00,2048.148133,1831.226807
2015-12-21 00:00:00,2039.107223,1852.155518
2015-12-22 00:00:00,2064.02595,1845.705826
2015-12-23 00:00:00,2067.309371,1860.704071
2015-12-24 00:00:00,2074.436586,1854.962143
2015-12-28 00:00:00,2064.599865,1872.713074
2015-12-29 00:00:00,2084.217617,1874.764862
2015-12-30 00:00:00,2086.750453,1870.807617
2015-12-31 00:00:00,2076.85314,1878.61235
2016-01-01 00:00:00,2086.43192,1891.0186
2016-01-04 00:00:00,2094.853868,1843.191071
2016-01-05 00:00:00,2053.024199,1840.918839
2016-01-06 00:00:00,2036.819567,1827.816437
2016-01-07 00:00:00,2006.844917,1787.104034
2016-01-08 00:00:00,1989.764457,1796.312454
2016-01-11 00:00:00,1970.582739,1798.985855
2016-01-12 00:00:00,1992.960341,1771.652115
2016-01-13 00:00:00,1970.097929,1777.868423
2016-01-14 00:00:00,1931.406602,1749.13501
2016-01-15 00:00:00,1927.440793,1711.676758
2016-01-18 00:00:00,1877.124216,1693.764069
2016-01-19 00:00:00,1868.773552,1723.76651
2016-01-20 00:00:00,1865.947331,1700.664307
2016-01-21 00:00:00,1889.24038,1723.687836
2016-01-22 00:00:00,1915.981241,1769.234543
2016-01-25 00:00:00,1956.830054,1771.80928
2016-01-27 00:00:00,1948.808193,1758.615173
2016-01-28 00:00:00,1931.807505,1732.521988
2016-01-29 00:00:00,1883.625924,1761.337341
2016-02-01 00:00:00,1931.121652,1750.251556
2016-02-02 00:00:00,1911.758324,1723.066803
2016-02-03 00:00:00,1861.439921,1691.449692
2016-02-04 00:00:00,1861.136026,1706.648056
2016-02-05 00:00:00,1862.999671,1746.110825
2016-02-08 00:00:00,1907.506256,1726.336395
2016-02-09 00:00:00,1860.434543,1717.974686
2016-02-10 00:00:00,1861.587732,1694.265976
2016-02-11 00:00:00,1835.768388,1615.792053
2016-02-12 00:00:00,1772.002787,1615.825729
2016-02-15 00:00:00,1775.933994,1654.360687
2016-02-16 00:00:00,1825.898527,1631.949036
2016-02-17 00:00:00,1776.013133,1630.089951
2016-02-18 00:00:00,1798.288771,1646.683502
2016-02-19 00:00:00,1786.069379,1639.102402
2016-02-22 00:00:00,1793.089475,1652.040421
2016-02-23 00:00:00,1802.502041,1609.081772
2016-02-24 00:00:00,1742.722873,1592.579971
2016-02-25 00:00:00,1742.025737,1565.894104
2016-02-26 00:00:00,1727.330607,1592.763977
2016-02-29 00:00:00,1738.355913,1606.46904
2016-03-01 00:00:00,1753.964143,1648.602142
2016-03-02 00:00:00,1836.118835,1704.643311
2016-03-03 00:00:00,1880.222044,1717.992554
2016-03-04 00:00:00,1891.145158,1729.171005
2016-03-08 00:00:00,1901.308359,1703.901962
2016-03-09 00:00:00,1862.406293,1722.719894
2016-03-10 00:00:00,1904.891052,1711.322144
2016-03-11 00:00:00,1877.828924,1701.32373
2016-03-14 00:00:00,1885.210854,1704.119095
2016-03-15 00:00:00,1875.592244,1709.473297
2016-03-16 00:00:00,1875.887237,1732.768204
2016-03-17 00:00:00,1920.883227,1731.752686
2016-03-18 00:00:00,1906.800256,1753.740799
2016-03-21 00:00:00,1938.791309,1778.73877
2016-03-22 00:00:00,1958.952974,1780.946518
2016-03-23 00:00:00,1957.80342,1769.379745
2016-03-28 00:00:00,1952.277942,1756.507828
2016-03-29 00:00:00,1929.67623,1765.998428
2016-03-30 00:00:00,1956.542884,1809.785034
2016-03-31 00:00:00,1986.172275,1808.678207
2016-04-01 00:00:00,1983.550613,1811.808578
2016-04-04 00:00:00,1998.608834,1816.667053
2016-04-05 00:00:00,1988.592997,1769.888794
2016-04-06 00:00:00,1944.237941,1760.707001
2016-04-07 00:00:00,1933.339495,1752.497726
2016-04-08 00:00:00,1915.395213,1752.999222
2016-04-11 00:00:00,1931.279505,1775.226944
2016-04-12 00:00:00,1947.056796,1785.095215
2016-04-13 00:00:00,1984.765627,1825.060974
2016-04-18 00:00:00,2007.644191,1820.616653
2016-04-20 00:00:00,2002.442925,1843.349655
2016-04-21 00:00:00,2030.744824,1861.038742
2016-04-22 00:00:00,2032.306072,1857.78476
2016-04-25 00:00:00,2040.608173,1857.618881
2016-04-26 00:00:00,2036.778893,1898.484589
2016-04-27 00:00:00,2062.043473,1892.600418
2016-04-28 00:00:00,2074.47217,1875.533371
2016-04-29 00:00:00,2048.990542,1901.317047
2016-05-02 00:00:00,2062.745938,1886.341125
2016-05-03 00:00:00,2062.498244,1869.836639
2016-05-04 00:00:00,2030.493092,1865.866806
2016-05-05 00:00:00,2033.782218,1863.494492
2016-05-06 00:00:00,2026.278665,1855.147263
2016-05-09 00:00:00,2032.159166,1897.032288
2016-05-10 00:00:00,2076.55404,1918.369141
2016-05-11 00:00:00,2069.444902,1932.876022
2016-05-12 00:00:00,2115.912515,1933.995728
2016-05-13 00:00:00,2106.766049,1905.45871
2016-05-16 00:00:00,2079.879647,1919.198929
2016-05-17 00:00:00,2090.833988,1923.881165
2016-05-18 00:00:00,2077.504182,1916.142105
2016-05-19 00:00:00,2082.522806,1901.57901
2016-05-20 00:00:00,2068.779243,1893.955963
2016-05-23 00:00:00,2063.280346,1889.858429
2016-05-24 00:00:00,2043.887041,1891.918808
2016-05-25 00:00:00,2065.297484,1943.406708
2016-05-26 00:00:00,2110.359689,1987.015762
2016-05-27 00:00:00,2160.0152,1996.198624
2016-05-30 00:00:00,2188.332588,1995.367462
2016-05-31 00:00:00,2186.56068,2001.888138
2016-06-01 00:00:00,2203.965212,1990.506714
2016-06-02 00:00:00,2173.876813,2004.550247
2016-06-03 00:00:00,2202.16146,2045.81076
2016-06-06 00:00:00,2231.938764,2031.707764
2016-06-07 00:00:00,2233.920844,2050.116608
2016-06-08 00:00:00,2246.073146,2039.787415
2016-06-09 00:00:00,2241.473656,2032.63446
2016-06-10 00:00:00,2221.969573,2028.350693
2016-06-13 00:00:00,2194.050344,2012.478241
2016-06-14 00:00:00,2213.934261,2007.755554
2016-06-15 00:00:00,2212.412248,2031.077942
2016-06-16 00:00:00,2231.378459,2008.019119
2016-06-17 00:00:00,2219.434525,2011.195465
2016-06-20 00:00:00,2175.110265,2008.354172
2016-06-21 00:00:00,2212.289262,1995.523788
2016-06-22 00:00:00,2194.934053,1990.240143
2016-06-23 00:00:00,2191.576601,2018.349213
2016-06-24 00:00:00,2145.132842,1967.86998
2016-06-27 00:00:00,2149.31867,1977.788956
2016-06-28 00:00:00,2178.319114,1984.877609
2016-06-29 00:00:00,2200.127111,2006.187073
2016-06-30 00:00:00,2226.232664,2039.12854
2016-07-01 00:00:00,2250.63895,2037.314667
2016-07-04 00:00:00,2253.450426,2034.742859
2016-07-05 00:00:00,2243.180554,2021.160385
2016-07-07 00:00:00,2236.038919,2043.271027
2016-07-08 00:00:00,2246.043124,2037.40506
2016-07-11 00:00:00,2267.794506,2070.879593
2016-07-12 00:00:00,2296.974157,2101.616043
2016-07-13 00:00:00,2316.91005,2106.279541
2016-07-14 00:00:00,2322.820688,2122.921616
2016-07-15 00:00:00,2337.334874,2128.158478
2016-07-18 00:00:00,2353.308019,2138.389206
2016-07-19 00:00:00,2357.429733,2134.58284
2016-07-20 00:00:00,2348.154759,2136.9617
2016-07-21 00:00:00,2355.76213,2089.119308
2016-07-22 00:00:00,2303.237392,2090.54213
2016-07-25 00:00:00,2281.244627,2107.319901
2016-07-26 00:00:00,2322.226984,2100.29837
2016-07-27 00:00:00,2315.214318,2104.531616
2016-07-28 00:00:00,2321.220304,2102.580154
2016-07-29 00:00:00,2315.055048,2109.060059
2016-08-01 00:00:00,2322.241875,2089.749176
2016-08-02 00:00:00,2304.39849,2092.642487
2016-08-03 00:00:00,2303.14542,2084.37764
2016-08-04 00:00:00,2308.773981,2081.510345
2016-08-05 00:00:00,2308.021614,2127.511246
2016-08-08 00:00:00,2351.404696,2128.078186
2016-08-09 00:00:00,2348.92181,2123.223221
2016-08-10 00:00:00,2348.467958,2098.943085
2016-08-11 00:00:00,2311.556381,2107.66069
2016-08-12 00:00:00,2328.725425,2129.847855
2016-08-16 00:00:00,2367.170529,2133.694473
2016-08-17 00:00:00,2369.098219,2135.43808
2016-08-18 00:00:00,2370.239338,2170.515945
2016-08-19 00:00:00,2411.051875,2158.684372
2016-08-22 00:00:00,2402.939107,2144.724686
2016-08-23 00:00:00,2382.762663,2151.193985
2016-08-24 00:00:00,2392.256625,2154.096222
2016-08-25 00:00:00,2396.81676,2158.115356
2016-08-26 00:00:00,2395.044811,2155.918854
2016-08-29 00:00:00,2384.140919,2154.764069
2016-08-30 00:00:00,2395.987371,2180.753342
2016-08-31 00:00:00,2427.034905,2219.116974
2016-09-01 00:00:00,2459.547353,2221.712601
2016-09-02 00:00:00,2461.285245,2228.068451
2016-09-06 00:00:00,2481.035259,2285.618454
2016-09-07 00:00:00,2534.870249,2259.366501
2016-09-08 00:00:00,2512.805817,2278.827286
2016-09-09 00:00:00,2513.84641,2260.466476
2016-09-12 00:00:00,2465.255472,2224.261719
2016-09-14 00:00:00,2460.020933,2224.380249
2016-09-15 00:00:00,2467.040856,2218.205383
2016-09-16 00:00:00,2467.520352,2235.242325
2016-09-19 00:00:00,2476.779593,2223.812363
2016-09-20 00:00:00,2467.953021,2212.011948
2016-09-21 00:00:00,2456.520221,2213.789459
2016-09-22 00:00:00,2486.719468,2224.856918
2016-09-23 00:00:00,2470.415588,2191.100494
2016-09-26 00:00:00,2420.167769,2157.594589
2016-09-27 00:00:00,2396.989867,2146.710037
2016-09-28 00:00:00,2381.79887,2151.875183
2016-09-29 00:00:00,2403.386501,2115.297424
2016-09-30 00:00:00,2338.566148,2121.057083
2016-10-03 00:00:00,2373.368543,2151.637436
2016-10-04 00:00:00,2396.41356,2153.900909
2016-10-05 00:00:00,2410.203651,2129.678925
2016-10-06 00:00:00,2371.181369,2120.142288
2016-10-07 00:00:00,2359.583828,2121.604828
2016-10-10 00:00:00,2373.038728,2118.233643
2016-10-13 00:00:00,2346.863317,2080.029068
2016-10-14 00:00:00,2321.415639,2091.275803
2016-10-17 00:00:00,2337.956159,2080.488953
2016-10-18 00:00:00,2331.981943,2120.828705
2016-10-19 00:00:00,2369.070666,2116.627533
2016-10-20 00:00:00,2367.23268,2128.857666
2016-10-21 00:00:00,2366.611259,2131.19693
2016-10-24 00:00:00,2378.767867,2135.32135
2016-10-25 00:00:00,2389.615288,2139.771774
2016-10-26 00:00:00,2342.11253,2109.200958
2016-10-27 00:00:00,2346.852182,2113.534378
2016-10-28 00:00:00,2352.573349,2124.321823
2016-11-01 00:00:00,2366.533733,2098.719513
2016-11-02 00:00:00,2315.531202,2088.785004
2016-11-03 00:00:00,2321.026756,2092.127869
2016-11-04 00:00:00,2325.022982,2083.371643
2016-11-07 00:00:00,2337.631917,2102.505325
2016-11-08 00:00:00,2348.603006,2123.919647
2016-11-09 00:00:00,2229.099912,2127.985519
2016-11-10 00:00:00,2401.396986,2166.656647
2016-11-11 00:00:00,2411.802728,2139.741501
2016-11-15 00:00:00,2399.865901,2079.05838
2016-11-16 00:00:00,2370.78565,2045.712463
2016-11-17 00:00:00,2300.889505,2047.361786
2016-11-18 00:00:00,2318.753213,2038.255264
2016-11-21 00:00:00,2305.122178,2005.263733
2016-11-22 00:00:00,2260.412414,2018.087616
2016-11-23 00:00:00,2270.533377,2019.939133
2016-11-24 00:00:00,2252.167781,1969.991867
2016-11-25 00:00:00,2228.959551,1994.818268
2016-11-28 00:00:00,2209.219251,1988.099945
2016-11-29 00:00:00,2223.514345,1972.698944
2016-11-30 00:00:00,2215.228406,2006.293808
2016-12-01 00:00:00,2254.006122,1985.499451
2016-12-02 00:00:00,2213.432468,1954.664139
2016-12-05 00:00:00,2191.574532,1966.238403
2016-12-06 00:00:00,2210.166067,1964.928131
2016-12-07 00:00:00,2216.221489,1948.548706
2016-12-08 00:00:00,2198.258155,1976.885971
2016-12-09 00:00:00,2224.165652,1984.776871
2016-12-12 00:00:00,2221.353337,1948.721802
2016-12-13 00:00:00,2191.45208,1958.00621
2016-12-14 00:00:00,2207.59857,1960.639969
2016-12-15 00:00:00,2179.150457,1968.546127
2016-12-16 00:00:00,2218.369564,1956.34436
2016-12-19 00:00:00,2195.894448,1950.451981
2016-12-20 00:00:00,2196.734281,1940.994141
2016-12-21 00:00:00,2182.702457,1939.072235
2016-12-22 00:00:00,2170.910002,1918.958603
2016-12-23 00:00:00,2143.371773,1913.492645
2016-12-26 00:00:00,2138.75027,1898.325378
2016-12-27 00:00:00,2124.472659,1914.414551
2016-12-28 00:00:00,2151.381239,1916.85582
2016-12-29 00:00:00,2146.228886,1929.450104
2016-12-30 00:00:00,2160.811127,1945.411224
2017-01-02 00:00:00,2185.057599,1931.214691
2017-01-03 00:00:00,2162.658243,1934.286285
2017-01-04 00:00:00,2164.41614,1911.19278
2017-01-05 00:00:00,2151.872315,1925.013138
2017-01-06 00:00:00,2157.85482,1944.296295
2017-01-09 00:00:00,2179.1871,1935.519653
2017-01-10 00:00:00,2172.712276,1943.871765
2017-01-11 00:00:00,2186.973237,1978.799988
2017-01-12 00:00:00,2221.430896,1983.532639
2017-01-13 00:00:00,2227.202939,1999.233017
2017-01-16 00:00:00,2231.388338,2015.240494
2017-01-17 00:00:00,2256.90012,2014.791138
2017-01-18 00:00:00,2253.939684,2023.116531
2017-01-19 00:00:00,2262.544113,2013.715668
2017-01-20 00:00:00,2231.508671,1970.698746
2017-01-23 00:00:00,2197.288427,1973.522766
2017-01-24 00:00:00,2222.339864,2000.643265
2017-01-25 00:00:00,2247.853301,2077.597504
2017-01-27 00:00:00,2331.477758,2087.614334
2017-01-30 00:00:00,2337.062237,2072.977005
2017-01-31 00:00:00,2315.155887,2064.933395
2017-02-01 00:00:00,2311.512712,2096.623184
2017-02-02 00:00:00,2353.597844,2097.633301
2017-02-03 00:00:00,2351.937538,2102.734665
2017-02-06 00:00:00,2374.892447,2120.560974
2017-02-07 00:00:00,2381.046705,2117.199692
2017-02-08 00:00:00,2376.776119,2103.084656
2017-02-09 00:00:00,2371.23805,2098.365189
2017-02-10 00:00:00,2365.104373,2111.041245
2017-02-13 00:00:00,2377.442224,2129.747009
2017-02-14 00:00:00,2387.162336,2126.561874
2017-02-15 00:00:00,2382.180574,2123.735138
2017-02-16 00:00:00,2383.175874,2137.774429
2017-02-17 00:00:00,2466.666522,2164.466888
2017-02-20 00:00:00,2414.498248,2171.586472
2017-02-21 00:00:00,2425.497398,2200.512039
2017-02-22 00:00:00,2462.524939,2212.556747
2017-02-23 00:00:00,2469.282064,2226.696594
2017-02-27 00:00:00,2474.453168,2192.206299
2017-02-28 00:00:00,2444.63209,2187.74202
2017-03-01 00:00:00,2447.94108,2219.426392
2017-03-02 00:00:00,2482.987695,2198.658936
2017-03-03 00:00:00,2449.829803,2194.763931
2017-03-06 00:00:00,2448.513261,2212.280899
2017-03-07 00:00:00,2467.194691,2205.510818
2017-03-08 00:00:00,2455.21902,2213.193741
2017-03-09 00:00:00,2459.372278,2220.062439
2017-03-10 00:00:00,2490.223906,2223.24202
2017-03-14 00:00:00,2525.230705,2244.858948
2017-03-15 00:00:00,2502.73513,2254.577484
2017-03-16 00:00:00,2522.111905,2263.507751
2017-03-17 00:00:00,2529.286957,2264.462845
2017-03-20 00:00:00,2527.910127,2256.749512
2017-03-21 00:00:00,2508.902117,2247.049881
2017-03-22 00:00:00,2479.629325,2236.10379
2017-03-23 00:00:00,2492.975514,2246.458145
2017-03-24 00:00:00,2506.700288,2262.311172
2017-03-27 00:00:00,2523.17606,2243.79657
2017-03-28 00:00:00,2524.257998,2255.73233
2017-03-29 00:00:00,2529.593463,2263.682785
2017-03-30 00:00:00,2531.873669,2283.258133
2017-03-31 00:00:00,2549.247196,2266.97731
2017-04-03 00:00:00,2554.867867,2284.428131
2017-04-05 00:00:00,2566.043821,2303.85733
2017-04-06 00:00:00,2571.104073,2308.183594
2017-04-07 00:00:00,2570.135861,2279.759888
2017-04-10 00:00:00,2557.961258,2288.489853
2017-04-11 00:00:00,2553.078295,2304.07402
2017-04-12 00:00:00,2578.410172,2293.045074
2017-04-13 00:00:00,2563.22714,2294.791504
2017-04-17 00:00:00,2570.008592,2295.744888
2017-04-18 00:00:00,2574.599501,2292.956024
2017-04-19 00:00:00,2560.858621,2285.137283
2017-04-20 00:00:00,2544.727021,2286.777496
2017-04-21 00:00:00,2561.00162,2289.438431
2017-04-24 00:00:00,2554.204652,2333.62291
2017-04-25 00:00:00,2611.171433,2358.527985
2017-04-26 00:00:00,2635.142486,2371.774536
2017-04-27 00:00:00,2651.192866,2383.680405
2017-04-28 00:00:00,2645.539299,2365.405869
2017-05-02 00:00:00,2637.800466,2371.980835
2017-05-03 00:00:00,2652.075948,2365.697571
2017-05-04 00:00:00,2658.097809,2389.030197
2017-05-05 00:00:00,2681.710624,2377.158386
2017-05-08 00:00:00,2660.96857,2387.811615
2017-05-09 00:00:00,2674.063361,2392.634949
2017-05-10 00:00:00,2677.023665,2427.229034
2017-05-11 00:00:00,2709.733118,2425.824524
2017-05-12 00:00:00,2708.248586,2429.234451
2017-05-15 00:00:00,2711.661089,2450.273102
2017-05-16 00:00:00,2735.803424,2441.931122
2017-05-17 00:00:00,2733.760994,2439.525726
2017-05-18 00:00:00,2707.764208,2419.01001
2017-05-19 00:00:00,2709.920891,2424.264465
2017-05-22 00:00:00,2723.802876,2432.918427
2017-05-23 00:00:00,2709.076833,2428.896881
2017-05-24 00:00:00,2700.799748,2422.940247
2017-05-25 00:00:00,2690.421191,2484.398376
2017-05-26 00:00:00,2756.320554,2504.312134
2017-05-29 00:00:00,2772.19027,2500.719543
2017-05-30 00:00:00,2762.724559,2505.435852
2017-05-31 00:00:00,2777.528132,2516.868622
2017-06-01 00:00:00,2783.841226,2499.782135
2017-06-02 00:00:00,2783.790513,2502.1185
2017-06-05 00:00:00,2773.243698,2511.359985
2017-06-06 00:00:00,2789.962724,2508.275665
2017-06-07 00:00:00,2785.413635,2520.262421
2017-06-08 00:00:00,2798.689928,2529.931488
2017-06-09 00:00:00,2797.195664,2546.118744
2017-06-12 00:00:00,2812.423142,2527.120728
2017-06-13 00:00:00,2789.855219,2526.560333
2017-06-14 00:00:00,2796.844906,2524.466309
2017-06-15 00:00:00,2783.928063,2511.976898
2017-06-16 00:00:00,2786.093685,2536.827026
2017-06-19 00:00:00,2812.82299,2565.88916
2017-06-20 00:00:00,2839.209658,2553.365631
2017-06-21 00:00:00,2821.507592,2562.609192
2017-06-22 00:00:00,2834.557314,2567.020325
2017-06-23 00:00:00,2848.954202,2544.132416
2017-06-27 00:00:00,2823.475393,2513.181641
2017-06-28 00:00:00,2783.928973,2511.575958
2017-06-29 00:00:00,2786.400844,2513.986969
2017-06-30 00:00:00,2760.62428,2518.367859
2017-07-03 00:00:00,2774.929694,2514.404297
2017-07-04 00:00:00,2779.454412,2512.585876
2017-07-05 00:00:00,2772.001687,2520.061737
2017-07-06 00:00:00,2785.872524,2524.21936
2017-07-07 00:00:00,2787.033389,2524.897186
2017-07-10 00:00:00,2796.155154,2540.937775
2017-07-11 00:00:00,2817.090354,2528.800018
2017-07-12 00:00:00,2800.561491,2530.229553
2017-07-13 00:00:00,2813.021616,2547.151489
2017-07-14 00:00:00,2829.487356,2561.865112
2017-07-17 00:00:00,2846.283159,2568.053101
2017-07-18 00:00:00,2840.43533,2572.428406
2017-07-19 00:00:00,2853.449677,2595.655548
2017-07-20 00:00:00,2880.274083,2608.428436
2017-07-21 00:00:00,2887.723724,2626.263306
2017-07-24 00:00:00,2908.734879,2629.933167
2017-07-25 00:00:00,2929.144571,2638.246338
2017-07-26 00:00:00,2922.228191,2630.482269
2017-07-27 00:00:00,2928.384494,2654.769836
2017-07-28 00:00:00,2920.635231,2643.967957
2017-07-31 00:00:00,2935.464033,2666.487976
2017-08-01 00:00:00,2962.820191,2662.985657
2017-08-02 00:00:00,2961.710982,2655.612488
2017-08-03 00:00:00,2940.481017,2618.941956
2017-08-04 00:00:00,2902.125494,2626.226349
2017-08-07 00:00:00,2917.830047,2628.542084
2017-08-08 00:00:00,2926.5955,2602.603821
2017-08-09 00:00:00,2879.577406,2583.827271
2017-08-10 00:00:00,2864.352104,2583.114075
2017-08-11 00:00:00,2837.979112,2575.603668
2017-08-14 00:00:00,2844.547888,2576.554138
2017-08-16 00:00:00,2850.112148,2616.512115
2017-08-17 00:00:00,2887.170372,2593.461914
2017-08-18 00:00:00,2843.663298,2575.054932
2017-08-21 00:00:00,2847.057771,2561.587677
2017-08-22 00:00:00,2835.056922,2569.434113
2017-08-23 00:00:00,2844.350182,2598.591339
2017-08-24 00:00:00,2869.478094,2589.237701
2017-08-28 00:00:00,2865.134244,2599.829742
2017-08-29 00:00:00,2857.286179,2572.318573
2017-08-30 00:00:00,2847.080421,2590.894318
2017-08-31 00:00:00,2856.917537,2593.588867
2017-09-01 00:00:00,2863.277159,2613.284027
2017-09-04 00:00:00,2880.621452,2584.084198
2017-09-05 00:00:00,2848.845424,2598.563904
2017-09-06 00:00:00,2847.456459,2595.800568
2017-09-07 00:00:00,2859.28636,2597.464417
2017-09-08 00:00:00,2865.381577,2618.232056
2017-09-11 00:00:00,2882.08022,2632.828125
2017-09-12 00:00:00,2899.137634,2656.586975
2017-09-13 00:00:00,2915.996022,2661.684967
2017-09-14 00:00:00,2925.24306,2669.982086
2017-09-15 00:00:00,2922.438896,2666.379181
2017-09-18 00:00:00,2932.630956,2693.45578
2017-09-19 00:00:00,2949.474623,2703.393768
2017-09-20 00:00:00,2948.632573,2686.689911
2017-09-21 00:00:00,2936.504032,2675.810303
2017-09-22 00:00:00,2916.524155,2646.810699
2017-09-25 00:00:00,2891.73834,2611.690948
2017-09-26 00:00:00,2849.745516,2615.977631
2017-09-27 00:00:00,2869.189117,2582.497955
2017-09-28 00:00:00,2820.862955,2621.975952
2017-09-29 00:00:00,2873.428117,2621.890747
2017-10-03 00:00:00,2875.732398,2629.874268
2017-10-04 00:00:00,2867.002283,2641.207397
2017-10-05 00:00:00,2879.207956,2636.4823
2017-10-06 00:00:00,2874.859698,2646.145294
2017-10-09 00:00:00,2886.234672,2656.7724
2017-10-10 00:00:00,2904.810513,2672.549408
2017-10-11 00:00:00,2922.504377,2653.960297
2017-10-12 00:00:00,2893.49408,2690.454529
2017-10-13 00:00:00,2930.138043,2738.135193
2017-10-16 00:00:00,2986.164556,2735.047699
2017-10-17 00:00:00,2969.979542,2720.879913
2017-10-18 00:00:00,2917.729351,2687.652191
2017-10-19 00:00:00,2908.089299,2650.845963
2017-10-23 00:00:00,2887.024834,2635.942184
2017-10-24 00:00:00,2878.567324,2647.670395
2017-10-25 00:00:00,2954.984121,2616.906494
2017-10-26 00:00:00,2918.893334,2630.435547
2017-10-27 00:00:00,2934.42758,2641.911224
2017-10-30 00:00:00,2936.803454,2650.628143
2017-10-31 00:00:00,2956.3267,2682.22287
2017-11-01 00:00:00,2988.038746,2712.08075
2017-11-02 00:00:00,3011.739648,2707.887421
2017-11-03 00:00:00,3018.600658,2715.112305
2017-11-06 00:00:00,3014.413797,2703.014343
2017-11-07 00:00:00,3020.273954,2693.447632
2017-11-08 00:00:00,3003.535195,2703.602295
2017-11-09 00:00:00,3004.164761,2699.573486
2017-11-10 00:00:00,2984.647351,2696.137299
2017-11-13 00:00:00,3020.418586,2681.979889
2017-11-14 00:00:00,2992.42974,2689.275787
2017-11-15 00:00:00,2994.50139,2698.235931
2017-11-16 00:00:00,3009.286766,2711.5672
2017-11-17 00:00:00,3068.405402,2731.393707
2017-11-20 00:00:00,3048.503064,2751.129578
2017-11-21 00:00:00,3069.888678,2747.230408
2017-11-22 00:00:00,3062.187172,2740.684296
2017-11-23 00:00:00,3066.371892,2734.839874
2017-11-24 00:00:00,3055.281386,2746.300049
2017-11-27 00:00:00,3051.793615,2768.915894
2017-11-28 00:00:00,3080.37838,2765.545471
2017-11-29 00:00:00,3074.696182,2754.313995
2017-11-30 00:00:00,3049.433161,2698.226501
2017-12-01 00:00:00,3010.118249,2696.723969
2017-12-04 00:00:00,3001.190508,2683.026459
2017-12-05 00:00:00,2974.455535,2677.625153
2017-12-06 00:00:00,2973.304797,2661.204346
2017-12-07 00:00:00,2964.555257,2675.679199
2017-12-08 00:00:00,2984.929344,2710.708832
2017-12-11 00:00:00,3019.385586,2716.300568
2017-12-12 00:00:00,3012.64958,2685.570374
2017-12-13 00:00:00,2988.577163,2693.435059
2017-12-14 00:00:00,2994.713176,2718.045319
2017-12-15 00:00:00,3050.496239,2745.536285
2017-12-18 00:00:00,3010.670161,2747.437195
2017-12-19 00:00:00,3051.095258,2757.762634
2017-12-20 00:00:00,3065.061749,2744.260162
2017-12-21 00:00:00,3042.109953,2736.337341
2017-12-22 00:00:00,3043.81875,2745.507721
2017-12-26 00:00:00,3048.354946,2750.625275
2017-12-27 00:00:00,3046.715632,2737.455658
2017-12-28 00:00:00,3025.798233,2732.94101
2017-12-29 00:00:00,3022.650982,2751.463531
2018-01-01 00:00:00,3045.449892,2730.807251
2018-01-02 00:00:00,3026.723664,2735.948273
2018-01-03 00:00:00,3028.422131,2729.535553
2018-01-04 00:00:00,3021.534205,2732.430664
2018-01-05 00:00:00,3029.997133,2738.436859
2018-01-08 00:00:00,3037.133013,2743.433868
2018-01-09 00:00:00,3036.589931,2746.910034
2018-01-10 00:00:00,3033.025953,2736.619537
2018-01-11 00:00:00,3020.964618,2749.498016
2018-01-12 00:00:00,3042.828386,2755.925018
2018-01-15 00:00:00,3050.401824,2802.677094
2018-01-16 00:00:00,3097.999333,2805.939117
2018-01-17 00:00:00,3078.676412,2825.84082
2018-01-18 00:00:00,3161.220312,2868.241028
2018-01-19 00:00:00,3162.246406,2903.213745
2018-01-22 00:00:00,3202.108839,2941.1633
2018-01-23 00:00:00,3237.002593,2955.595886
2018-01-24 00:00:00,3248.494752,2942.053833
2018-01-25 00:00:00,3251.196525,2978.20639
2018-01-29 00:00:00,3271.747752,2999.054901
2018-01-30 00:00:00,3289.093904,2954.227753
2018-01-31 00:00:00,3233.303606,2979.432159
2018-02-01 00:00:00,3268.87745,2977.278534
2018-02-02 00:00:00,3245.572119,2883.698395
2018-02-05 00:00:00,3113.19461,2840.143829
2018-02-06 00:00:00,3019.557548,2802.162109
2018-02-07 00:00:00,3098.050172,2790.737091
2018-02-08 00:00:00,3075.155369,2820.266205
2018-02-09 00:00:00,3055.552401,2768.121552
2018-02-12 00:00:00,3057.994472,2798.004456
2018-02-14 00:00:00,3084.492125,2773.4422
2018-02-15 00:00:00,3030.188097,2781.590637
2018-02-16 00:00:00,3052.352211,2774.992371
2018-02-19 00:00:00,3049.242967,2782.225769
2018-02-20 00:00:00,3040.674338,2753.592438
2018-02-21 00:00:00,3017.891585,2765.996033
2018-02-22 00:00:00,3009.589657,2775.060364
2018-02-23 00:00:00,3031.628224,2806.865875
2018-02-26 00:00:00,3080.702169,2865.386108
2018-02-27 00:00:00,3122.966181,2830.590179
2018-02-28 00:00:00,3059.086557,2801.35022
2018-03-01 00:00:00,3041.951159,2790.933563
2018-03-05 00:00:00,3028.09268,2790.41803
2018-03-06 00:00:00,3050.94998,2746.666748
2018-03-07 00:00:00,2975.445811,2730.225159
2018-03-08 00:00:00,2978.851326,2754.630463
2018-03-09 00:00:00,3004.053925,2734.765961
2018-03-12 00:00:00,2991.275645,2781.847595
2018-03-13 00:00:00,3015.217189,2777.659454
2018-03-14 00:00:00,3005.751131,2783.771332
2018-03-15 00:00:00,3028.008401,2784.520142
2018-03-16 00:00:00,3017.13362,2736.372559
2018-03-19 00:00:00,2978.347111,2715.437744
2018-03-20 00:00:00,2933.803892,2707.300079
2018-03-21 00:00:00,2962.485841,2724.756042
2018-03-22 00:00:00,2953.849775,2717.162964
2018-03-23 00:00:00,2904.403115,2664.651428
2018-03-26 00:00:00,2886.049625,2703.310089
2018-03-27 00:00:00,2950.10803,2720.380768
2018-03-28 00:00:00,2947.073319,2708.289581
2018-04-02 00:00:00,2939.796958,2751.072739
2018-04-03 00:00:00,2975.039364,2760.854095
2018-04-04 00:00:00,3002.214743,2709.932739
2018-04-05 00:00:00,2975.078674,2782.213623
2018-04-06 00:00:00,3025.490333,2788.98819
2018-04-09 00:00:00,3032.072591,2814.627777
2018-04-10 00:00:00,3066.343917,2835.709839
2018-04-11 00:00:00,3080.20864,2836.8013
2018-04-12 00:00:00,3073.562199,2860.967865
2018-04-13 00:00:00,3106.38163,2870.86676
2018-04-16 00:00:00,3095.476983,2899.10083
2018-04-17 00:00:00,3142.811968,2888.914978
2018-04-18 00:00:00,3132.516564,2854.849152
2018-04-19 00:00:00,3100.594992,2852.077332
2018-04-20 00:00:00,3081.654123,2844.770294
2018-04-23 00:00:00,3089.845999,2849.203308
2018-04-24 00:00:00,3079.81925,2848.994049
2018-04-25 00:00:00,3070.356568,2832.731232
2018-04-26 00:00:00,3055.617175,2850.329865
2018-04-27 00:00:00,3061.647239,2903.942749
2018-04-30 00:00:00,3145.258121,2910.785156
2018-05-02 00:00:00,3166.417675,2967.730133
2018-05-03 00:00:00,3190.635483,2958.125763
2018-05-04 00:00:00,3194.051182,2955.646271
2018-05-07 00:00:00,3186.68106,2984.279938
2018-05-08 00:00:00,3233.188165,3000.882935
2018-05-09 00:00:00,3227.451704,3019.347626
2018-05-10 00:00:00,3262.743307,3021.677979
2018-05-11 00:00:00,3259.212041,3059.930054
2018-05-14 00:00:00,3295.475622,3066.740234
2018-05-15 00:00:00,3306.465018,3082.581818
2018-05-16 00:00:00,3289.610441,3063.131104
2018-05-17 00:00:00,3298.471301,3042.873871
2018-05-18 00:00:00,3263.067761,3043.158844
2018-05-21 00:00:00,3285.12036,3013.478516
2018-05-22 00:00:00,3247.366045,2995.517303
2018-05-23 00:00:00,3228.849735,2976.236938
2018-05-24 00:00:00,3222.577756,3024.505859
2018-05-25 00:00:00,3282.762779,3057.634094
2018-05-28 00:00:00,3314.403595,3085.808411
2018-05-29 00:00:00,3338.747606,3061.107452
2018-05-30 00:00:00,3285.043921,3076.652069
2018-05-31 00:00:00,3363.667168,3162.506104
2018-06-01 00:00:00,3393.123369,3126.376526
2018-06-04 00:00:00,3420.010849,3079.700592
2018-06-05 00:00:00,3325.883608,3080.090149
2018-06-06 00:00:00,3328.93846,3088.377502
2018-06-07 00:00:00,3365.127082,3103.061951
2018-06-08 00:00:00,3350.142118,3097.318054
2018-06-11 00:00:00,3361.073332,3099.716125
2018-06-12 00:00:00,3373.39114,3104.547821
2018-06-13 00:00:00,3381.990611,3101.681213
2018-06-14 00:00:00,3369.257299,3097.169312
2018-06-15 00:00:00,3355.986955,3095.402588
2018-06-18 00:00:00,3360.226447,3069.662384
2018-06-19 00:00:00,3334.189345,3054.221069
2018-06-20 00:00:00,3321.625305,3093.294861
2018-06-21 00:00:00,3364.765888,3081.885315
2018-06-22 00:00:00,3339.241756,3116.662354
2018-06-25 00:00:00,3365.918231,3107.937256
2018-06-26 00:00:00,3348.518692,3106.666931
2018-06-27 00:00:00,3361.716252,3095.102905
2018-06-28 00:00:00,3335.315579,3108.112
2018-06-29 00:00:00,3345.510368,3111.259094
2018-07-02 00:00:00,3359.439991,3092.871918
2018-07-03 00:00:00,3335.490983,3101.577362
2018-07-04 00:00:00,3348.757939,3133.01709
2018-07-05 00:00:00,3383.188881,3137.034698
2018-07-06 00:00:00,3367.901444,3140.372681
2018-07-09 00:00:00,3395.334576,3171.794739
2018-07-10 00:00:00,3426.657513,3178.12793
2018-07-11 00:00:00,3426.047631,3194.002899
2018-07-12 00:00:00,3454.882908,3210.437927
2018-07-13 00:00:00,3455.779498,3212.454712
2018-07-16 00:00:00,3456.738313,3201.815598
2018-07-17 00:00:00,3435.674373,3220.321686
2018-07-18 00:00:00,3476.259055,3203.159485
2018-07-19 00:00:00,3462.653427,3155.723511
2018-07-20 00:00:00,3393.550308,3154.319473
2018-07-23 00:00:00,3381.249706,3159.926575
2018-07-24 00:00:00,3410.738069,3141.353943
2018-07-25 00:00:00,3392.303402,3135.554474
2018-07-26 00:00:00,3392.173543,3162.38974
2018-07-27 00:00:00,3441.946883,3185.551392
2018-07-30 00:00:00,3462.368227,3194.2323
2018-07-31 00:00:00,3476.984823,3178.283966
2018-08-01 00:00:00,3444.058617,3164.252228
2018-08-02 00:00:00,3430.504159,3119.672607
2018-08-03 00:00:00,3415.940824,3178.322784
2018-08-06 00:00:00,3467.700556,3179.818909
2018-08-07 00:00:00,3479.839058,3183.020142
2018-08-08 00:00:00,3479.382039,3198.744965
2018-08-09 00:00:00,3499.874946,3217.544891
2018-08-10 00:00:00,3515.980211,3214.105194
2018-08-13 00:00:00,3459.871995,3190.813141
2018-08-14 00:00:00,3479.430237,3215.735718
2018-08-16 00:00:00,3460.259486,3169.068359
2018-08-17 00:00:00,3465.646506,3196.927612
2018-08-20 00:00:00,3484.726524,3212.99057
2018-08-21 00:00:00,3499.403011,3213.279114
2018-08-23 00:00:00,3513.699512,3184.389984
2018-08-24 00:00:00,3469.302217,3189.148346
2018-08-27 00:00:00,3488.120404,3234.142731
2018-08-28 00:00:00,3535.981062,3259.993927
2018-08-29 00:00:00,3539.55413,3254.250366
2018-08-30 00:00:00,3544.75553,3234.284912
2018-08-31 00:00:00,3521.531036,3238.93924
2018-09-03 00:00:00,3548.841468,3201.964386
2018-09-04 00:00:00,3492.345242,3183.948303
2018-09-05 00:00:00,3461.142979,3158.714874
2018-09-06 00:00:00,3446.120928,3183.991333
2018-09-07 00:00:00,3458.684186,3183.872711
2018-09-10 00:00:00,3448.810015,3158.878143
2018-09-11 00:00:00,3436.102861,3114.892944
2018-09-12 00:00:00,3397.721978,3126.128479
2018-09-14 00:00:00,3423.008079,3149.881744
2018-09-17 00:00:00,3401.927508,3110.022186
2018-09-18 00:00:00,3373.786637,3069.70517
2018-09-19 00:00:00,3337.396679,3070.227539
2018-09-21 00:00:00,3346.887811,3014.678986
2018-09-24 00:00:00,3269.838382,2952.214508
2018-09-25 00:00:00,3197.771266,3018.615845
2018-09-26 00:00:00,3292.654056,3017.242188
2018-09-27 00:00:00,3271.716861,2970.763611
2018-09-28 00:00:00,3228.902683,2996.116699
2018-10-01 00:00:00,3198.946314,2979.018585
2018-10-03 00:00:00,3225.211121,2922.316315
2018-10-04 00:00:00,3138.570376,2889.949799
2018-10-05 00:00:00,3137.403473,2844.821289
2018-10-08 00:00:00,3088.516046,2878.605865
2018-10-09 00:00:00,3138.165181,2872.54245
2018-10-10 00:00:00,3127.809886,2963.605438
2018-10-11 00:00:00,3114.696259,2911.252258
2018-10-12 00:00:00,3182.415293,2995.18869
2018-10-15 00:00:00,3248.467375,2996.824066
2018-10-16 00:00:00,3246.09799,3014.076599
2018-10-17 00:00:00,3297.461472,2987.330872
2018-10-19 00:00:00,3205.844222,2994.139587
2018-10-22 00:00:00,3282.691128,2984.849701
2018-10-23 00:00:00,3192.447098,2985.183044
2018-10-24 00:00:00,3267.129328,2991.870605
2018-10-25 00:00:00,3209.022296,2984.373474
2018-10-26 00:00:00,3221.570173,2926.296204
2018-10-29 00:00:00,3172.982555,2950.562439
2018-10-30 00:00:00,3199.904296,2922.326965
2018-10-31 00:00:00,3186.733766,2945.753815
2018-11-01 00:00:00,3226.922059,2954.791565
2018-11-02 00:00:00,3251.544464,3005.261414
2018-11-05 00:00:00,3291.718206,3013.698212
2018-11-06 00:00:00,3291.605394,2991.52832
2018-11-07 00:00:00,3287.931361,3008.019135
2018-11-09 00:00:00,3279.083521,3010.52002
2018-11-12 00:00:00,3282.42798,3006.073883
2018-11-13 00:00:00,3257.000922,3041.328979
2018-11-14 00:00:00,3322.451149,3019.649872
2018-11-15 00:00:00,3297.931023,3076.762817
2018-11-16 00:00:00,3358.957706,3088.342896
2018-11-19 00:00:00,3374.886018,3091.104156
2018-11-20 00:00:00,3352.57031,3077.174255
2018-11-21 00:00:00,3340.881499,3099.913422
2018-11-22 00:00:00,3360.58629,3070.775848
2018-11-26 00:00:00,3351.396995,3112.355865
2018-11-27 00:00:00,3366.924937,3114.700897
2018-11-28 00:00:00,3393.114164,3120.335846
2018-11-29 00:00:00,3411.336863,3199.252991
2018-11-30 00:00:00,3470.93328,3206.540649
2018-12-03 00:00:00,3493.460476,3190.899902
2018-12-04 00:00:00,3457.100409,3177.70993
2018-12-05 00:00:00,3431.348097,3155.901215
2018-12-06 00:00:00,3398.816385,3105.314453
2018-12-07 00:00:00,3375.592249,3217.638336
2018-12-10 00:00:00,3403.0607,3108.453583
2018-12-11 00:00:00,3318.273952,3125.290253
2018-12-12 00:00:00,3407.049952,3178.421692
2018-12-13 00:00:00,3466.500043,3211.960388
2018-12-14 00:00:00,3484.885799,3204.278778
2018-12-17 00:00:00,3487.239298,3190.537048
2018-12-18 00:00:00,3449.861697,3213.526489
2018-12-19 00:00:00,3497.031514,3222.620209
2018-12-20 00:00:00,3484.430309,3227.05954
2018-12-21 00:00:00,3504.742488,3185.793701
2018-12-24 00:00:00,3465.787664,3175.324493
2018-12-26 00:00:00,3439.246927,3212.244965
2018-12-27 00:00:00,3513.187503,3194.007324
2018-12-28 00:00:00,3489.060758,3215.963562
2018-12-31 00:00:00,3505.37028,3224.790283
2019-01-01 00:00:00,3508.438787,3242.149017
2019-01-02 00:00:00,3512.171218,3216.613068
2019-01-03 00:00:00,3493.362925,3190.002289
2019-01-04 00:00:00,3472.00281,3218.807281
2019-01-07 00:00:00,3518.613761,3239.140656
2019-01-08 00:00:00,3513.270268,3238.454132
2019-01-09 00:00:00,3544.919018,3275.452209
2019-01-10 00:00:00,3561.024797,3243.411133
2019-01-11 00:00:00,3541.618764,3250.984283
2019-01-14 00:00:00,3523.832759,3222.434814
2019-01-15 00:00:00,3515.82095,3234.532227
2019-01-16 00:00:00,3520.566544,3228.944824
2019-01-17 00:00:00,3529.164745,3263.749359
2019-01-18 00:00:00,3544.64019,3268.467499
2019-01-21 00:00:00,3550.025869,3299.725525
2019-01-22 00:00:00,3580.812178,3316.679138
2019-01-23 00:00:00,3593.978735,3285.402679
2019-01-24 00:00:00,3557.520279,3274.722046
2019-01-25 00:00:00,3543.134753,3268.908203
2019-01-28 00:00:00,3533.164901,3231.082153
2019-01-29 00:00:00,3493.925891,3217.027222
2019-01-30 00:00:00,3515.271545,3225.388428
2019-01-31 00:00:00,3509.19505,3310.534882
2019-02-01 00:00:00,3589.394556,3300.635651
2019-02-04 00:00:00,3548.518888,3327.090607
2019-02-05 00:00:00,3601.394241,3345.493408
2019-02-06 00:00:00,3619.145623,3352.602936
2019-02-07 00:00:00,3626.944634,3358.815277
2019-02-08 00:00:00,3619.772007,3362.077789
2019-02-11 00:00:00,3623.404804,3358.951385
2019-02-12 00:00:00,3609.97652,3340.5737
2019-02-14 00:00:00,3597.184785,3308.606873
2019-02-15 00:00:00,3566.368764,3290.837799
2019-02-18 00:00:00,3539.44089,3282.536621
2019-02-19 00:00:00,3528.299042,3287.220459
2019-02-20 00:00:00,3545.352501,3317.188354
2019-02-21 00:00:00,3572.272055,3322.919403
2019-02-22 00:00:00,3539.075235,3265.75882
2019-02-25 00:00:00,3530.167123,3290.012634
2019-02-26 00:00:00,3502.47892,3277.50473
2019-02-27 00:00:00,3541.662278,3254.273773
2019-02-28 00:00:00,3511.720482,3240.061218
2019-03-01 00:00:00,3513.180892,3252.460083
2019-03-05 00:00:00,3512.797913,3316.35495
2019-03-06 00:00:00,3584.150437,3312.828705
2019-03-07 00:00:00,3580.812583,3331.303833
2019-03-08 00:00:00,3588.242217,3333.26651
2019-03-11 00:00:00,3603.770078,3350.141724
2019-03-12 00:00:00,3648.284986,3404.030518
2019-03-13 00:00:00,3678.011961,3427.412567
2019-03-14 00:00:00,3717.14791,3432.965942
2019-03-15 00:00:00,3717.53922,3504.061676
2019-03-18 00:00:00,3811.214016,3540.99704
2019-03-19 00:00:00,3841.962582,3562.240265
2019-03-20 00:00:00,3848.270523,3570.538452
2019-03-22 00:00:00,3870.915005,3544.601471
2019-03-25 00:00:00,3795.347776,3500.279785
2019-03-26 00:00:00,3781.813927,3570.294006
2019-03-27 00:00:00,3873.43807,3555.887817
2019-03-28 00:00:00,3853.947162,3593.705475
2019-04-01 00:00:00,3903.664321,3579.415405
2019-04-02 00:00:00,3897.749559,3572.129608
2019-04-03 00:00:00,3889.278892,3555.173828
2019-04-04 00:00:00,3864.676555,3537.14917
2019-04-05 00:00:00,3853.008313,3562.238831
2019-04-08 00:00:00,3876.154046,3550.925934
2019-04-09 00:00:00,3847.254376,3566.527374
2019-04-10 00:00:00,3838.083213,3545.822998
2019-04-11 00:00:00,3841.885244,3536.2435
2019-04-12 00:00:00,3831.411646,3556.540924
2019-04-15 00:00:00,3859.5654,3594.770691
2019-04-16 00:00:00,3909.118416,3636.922577
2019-04-18 00:00:00,3949.058803,3612.40448
2019-04-22 00:00:00,3905.934862,3562.488983
2019-04-23 00:00:00,3863.257856,3549.692596
2019-04-24 00:00:00,3841.479559,3581.476379
2019-04-25 00:00:00,3880.7002,3550.024261
2019-04-26 00:00:00,3867.05983,3607.381866
2019-04-30 00:00:00,3906.496073,3639.228546
2019-05-02 00:00:00,3934.384894,3651.297089
2019-05-03 00:00:00,3949.518437,3679.423889
2019-05-06 00:00:00,3924.630002,3642.973541
2019-05-07 00:00:00,3947.382146,3618.022614
2019-05-08 00:00:00,3899.930754,3594.4552
2019-05-09 00:00:00,3860.353895,3564.788147
2019-05-10 00:00:00,3839.026251,3587.645447
2019-05-13 00:00:00,3875.934059,3563.051056
2019-05-14 00:00:00,3855.534605,3560.205231
2019-05-15 00:00:00,3869.029549,3559.868561
2019-05-16 00:00:00,3853.057662,3603.643677
2019-05-17 00:00:00,3903.405667,3698.746765
2019-05-20 00:00:00,4090.122147,3825.16098
2019-05-21 00:00:00,4162.00011,3780.266449
2019-05-22 00:00:00,4112.796504,3799.733765
2019-05-23 00:00:00,4174.327348,3771.719238
2019-05-24 00:00:00,4127.257824,3840.071686
2019-05-27 00:00:00,4173.146599,3898.559814
2019-05-28 00:00:00,4247.721543,3877.33725
2019-05-29 00:00:00,4202.629094,3866.299225
2019-05-30 00:00:00,4191.272566,3904.077667
2019-05-31 00:00:00,4250.665972,3882.506714
2019-06-03 00:00:00,4213.454326,3910.242401
2019-06-04 00:00:00,4231.124395,3914.495728
2019-06-06 00:00:00,4244.172077,3861.39859
2019-06-07 00:00:00,4194.465374,3871.701538
2019-06-10 00:00:00,4205.109883,3868.600677
2019-06-11 00:00:00,4210.67572,3883.282166
2019-06-12 00:00:00,4200.435239,3844.540466
2019-06-13 00:00:00,4166.591179,3881.471069
2019-06-14 00:00:00,4206.511137,3826.234497
2019-06-17 00:00:00,4153.935477,3779.763367
2019-06-18 00:00:00,4103.709487,3784.705841
2019-06-19 00:00:00,4129.958646,3818.5289
2019-06-20 00:00:00,4150.612155,3859.010681
2019-06-21 00:00:00,4185.143703,3821.894287
2019-06-24 00:00:00,4150.030194,3795.105011
2019-06-25 00:00:00,4126.155514,3836.241882
2019-06-26 00:00:00,4170.406753,3873.412842
2019-06-27 00:00:00,4219.969095,3875.75943
2019-06-28 00:00:00,4220.181443,3866.742584
2019-07-01 00:00:00,4228.354514,3894.564148
2019-07-02 00:00:00,4239.945978,3879.453735
2019-07-03 00:00:00,4228.756347,3883.189606
2019-07-04 00:00:00,4238.079236,3906.981628
2019-07-05 00:00:00,4261.765922,3918.258911
2019-07-08 00:00:00,4255.537589,3813.279877
2019-07-09 00:00:00,4134.686217,3792.07724
2019-07-10 00:00:00,4133.291951,3795.061096
2019-07-11 00:00:00,4148.375702,3805.918793
2019-07-12 00:00:00,4156.001322,3789.00174
2019-07-15 00:00:00,4140.790572,3803.191864
2019-07-16 00:00:00,4151.190891,3808.325348
2019-07-17 00:00:00,4154.313257,3836.051605
2019-07-18 00:00:00,4187.247951,3828.644287
2019-07-19 00:00:00,4179.860501,3752.917572
2019-07-22 00:00:00,4068.620305,3671.233948
2019-07-23 00:00:00,4013.81434,3696.599854
2019-07-24 00:00:00,4014.037799,3689.156433
2019-07-25 00:00:00,4007.14051,3690.79599
2019-07-26 00:00:00,4014.354133,3726.520508
2019-07-29 00:00:00,4073.35701,3704.9823
2019-07-30 00:00:00,4045.967289,3688.539276
2019-07-31 00:00:00,3965.154518,3674.959717
2019-08-01 00:00:00,3962.885995,3627.27597
2019-08-02 00:00:00,3906.388224,3633.759521
2019-08-05 00:00:00,3878.77615,3550.519623
2019-08-06 00:00:00,3814.772448,3604.196625
2019-08-07 00:00:00,3896.91653,3572.02002
2019-08-08 00:00:00,3863.535179,3627.931213
2019-08-09 00:00:00,3922.82212,3686.895447
2019-08-13 00:00:00,3947.897639,3615.795929
2019-08-14 00:00:00,3899.840779,3621.12796
2019-08-16 00:00:00,3883.231856,3641.407501
2019-08-19 00:00:00,3931.714645,3642.418762
2019-08-20 00:00:00,3905.843722,3638.86377
2019-08-21 00:00:00,3909.329171,3629.726746
2019-08-22 00:00:00,3886.764246,3561.417419
2019-08-23 00:00:00,3797.023516,3547.080872
2019-08-26 00:00:00,3887.830369,3669.829865
2019-08-27 00:00:00,3952.621723,3666.409393
2019-08-28 00:00:00,3930.658798,3632.396393
2019-08-29 00:00:00,3886.969084,3564.590271
2019-08-30 00:00:00,3830.492845,3553.541901
2019-09-03 00:00:00,3793.777203,3493.246124
2019-09-04 00:00:00,3742.3992,3529.78775
2019-09-05 00:00:00,3791.658308,3501.562469
2019-09-06 00:00:00,3764.780909,3561.706207
2019-09-09 00:00:00,3815.225747,3597.553986
2019-09-11 00:00:00,3873.857476,3611.542358
2019-09-12 00:00:00,3889.230268,3592.440948
2019-09-13 00:00:00,3855.229627,3634.272369
2019-09-16 00:00:00,3880.302564,3614.072815
2019-09-17 00:00:00,3870.465441,3530.325012
2019-09-18 00:00:00,3805.457103,3542.056824
2019-09-19 00:00:00,3807.664431,3514.350525
2019-09-20 00:00:00,3786.944292,3766.783417
2019-09-23 00:00:00,4190.992459,3996.363312
2019-09-24 00:00:00,4274.974681,3944.391144
2019-09-25 00:00:00,4214.970394,3898.519318
2019-09-26 00:00:00,4165.285611,3948.467987
2019-09-27 00:00:00,4207.04126,3964.738525
2019-09-30 00:00:00,4204.177987,3919.090332
2019-10-01 00:00:00,4179.302383,3928.703552
2019-10-03 00:00:00,4150.633704,3864.018555
2019-10-04 00:00:00,4136.76632,3754.180328
2019-10-07 00:00:00,4007.483874,3763.117889
2019-10-09 00:00:00,4014.421933,3891.953247
2019-10-10 00:00:00,4103.536889,3812.132477
2019-10-11 00:00:00,4083.676219,3817.832947
2019-10-14 00:00:00,4086.175935,3832.008606
2019-10-15 00:00:00,4085.972626,3889.343323
2019-10-16 00:00:00,4146.962446,3884.121796
2019-10-17 00:00:00,4133.826727,3904.019043
2019-10-18 00:00:00,4154.116797,3919.873169
2019-10-22 00:00:00,4218.277818,3959.411102
2019-10-23 00:00:00,4228.696053,3952.37384
2019-10-24 00:00:00,4231.833618,3939.188019
2019-10-25 00:00:00,4196.913107,3922.613922
2019-10-27 00:00:00,4210.943412,3937.281097
2019-10-29 00:00:00,4205.513133,3960.306885
2019-10-30 00:00:00,4243.307959,3972.13208
2019-10-31 00:00:00,4266.575749,3931.633759
2019-11-01 00:00:00,4234.621316,3957.454163
2019-11-04 00:00:00,4272.464705,3947.858276
2019-11-05 00:00:00,4245.606476,3926.695526
2019-11-06 00:00:00,4230.024169,3981.355713
2019-11-07 00:00:00,4295.976425,3986.510712
2019-11-08 00:00:00,4277.807403,3996.262665
2019-11-11 00:00:00,4280.717986,4036.91568
2019-11-13 00:00:00,4331.80766,3985.853424
2019-11-14 00:00:00,4284.634804,4010.522919
2019-11-15 00:00:00,4322.19047,4041.592651
2019-11-18 00:00:00,4349.412887,4035.38739
2019-11-19 00:00:00,4349.511262,4061.507538
2019-11-20 00:00:00,4376.101336,4041.018463
2019-11-21 00:00:00,4355.180946,4038.272003
2019-11-22 00:00:00,4350.000302,3987.666351
2019-11-25 00:00:00,4296.855815,4051.726624
2019-11-26 00:00:00,4380.188732,4066.247162
2019-11-27 00:00:00,4389.749852,4078.54303
2019-11-28 00:00:00,4409.161656,4073.980804
2019-11-29 00:00:00,4395.910889,4065.612274
2019-12-02 00:00:00,4388.669272,4078.110931
2019-12-03 00:00:00,4402.458129,4069.532745
2019-12-04 00:00:00,4377.85966,4096.077759
2019-12-05 00:00:00,4429.042874,4076.660217
2019-12-06 00:00:00,4402.910382,4087.227386
2019-12-09 00:00:00,4389.531163,4085.22757
2019-12-10 00:00:00,4395.82014,4080.553375
2019-12-11 00:00:00,4375.288583,4109.445251
2019-12-12 00:00:00,4416.410939,4159.929321
2019-12-13 00:00:00,4473.913767,4168.801575
2019-12-16 00:00:00,4494.060043,4171.125244
2019-12-17 00:00:00,4501.394311,4193.890503
2019-12-18 00:00:00,4527.333145,4221.764771
2019-12-19 00:00:00,4539.807641,4223.028381
2019-12-20 00:00:00,4530.455384,4196.937988
2019-12-23 00:00:00,4519.335777,4213.219116
2019-12-24 00:00:00,4525.264304,4204.446838
2019-12-26 00:00:00,4514.774003,4162.843323
2019-12-27 00:00:00,4493.5241,4192.42981
2019-12-30 00:00:00,4522.38199,4192.787415
2019-12-31 00:00:00,4506.953311,4172.225952
2020-01-01 00:00:00,4497.499442,4160.741882
2020-01-02 00:00:00,4482.47377,4178.009338
2020-01-03 00:00:00,4484.8398,4130.356262
2020-01-06 00:00:00,4429.471779,4067.142548
2020-01-07 00:00:00,4408.377974,4104.033417
2020-01-08 00:00:00,4351.466082,4086.617279
2020-01-09 00:00:00,4433.898167,4148.264282
2020-01-10 00:00:00,4479.826759,4170.066711
2020-01-13 00:00:00,4490.848724,4175.381714
2020-01-14 00:00:00,4493.838244,4173.972778
2020-01-15 00:00:00,4476.555552,4164.209839
2020-01-16 00:00:00,4468.907309,4185.883362
2020-01-17 00:00:00,4472.170566,4170.982422
2020-01-20 00:00:00,4513.575615,4058.766357
2020-01-21 00:00:00,4333.880806,4042.585144
2020-01-22 00:00:00,4352.424589,3986.839417
2020-01-23 00:00:00,4296.943573,4026.011292
2020-01-24 00:00:00,4333.105761,4082.994202
2020-01-27 00:00:00,4361.230973,4034.497131
2020-01-28 00:00:00,4339.766493,4039.939056
2020-01-29 00:00:00,4354.134462,4063.000763
2020-01-30 00:00:00,4362.986897,4042.512207
2020-01-31 00:00:00,4425.775896,4098.136078
2020-02-03 00:00:00,4263.7732,4020.498474
2020-02-04 00:00:00,4326.156384,4098.766724
2020-02-05 00:00:00,4398.95837,4121.532104
2020-02-06 00:00:00,4423.178424,4116.434326
2020-02-07 00:00:00,4425.864021,4104.02478
2020-02-10 00:00:00,4412.968074,4108.965576
2020-02-11 00:00:00,4432.658867,4131.796936
2020-02-12 00:00:00,4457.26074,4191.706604
2020-02-13 00:00:00,4500.629623,4143.945496
2020-02-14 00:00:00,4461.217251,4107.343445
2020-02-17 00:00:00,4417.087318,4113.183044
2020-02-18 00:00:00,4400.01054,4104.223694
2020-02-19 00:00:00,4474.511468,4138.532288
2020-02-20 00:00:00,4440.387619,4119.094849
2020-02-24 00:00:00,4390.400806,4069.207581
2020-02-25 00:00:00,4374.649686,4061.850403
2020-02-26 00:00:00,4351.844477,4045.209381
2020-02-27 00:00:00,4347.792085,4059.952667
2020-02-28 00:00:00,4272.695483,3920.933929
2020-03-02 00:00:00,4268.507383,3897.03186
2020-03-03 00:00:00,4182.48646,3937.660553
2020-03-04 00:00:00,4220.381669,3876.619171
2020-03-05 00:00:00,4167.074766,3914.285675
2020-03-06 00:00:00,4048.603723,3840.548096
2020-03-09 00:00:00,3995.933266,3699.713715
2020-03-11 00:00:00,3916.098441,3720.52478
2020-03-12 00:00:00,3768.431834,3393.414795
2020-03-13 00:00:00,3427.196199,3491.229187
2020-03-16 00:00:00,3570.872877,3234.8909
2020-03-17 00:00:00,3475.661592,3096.027802
2020-03-18 00:00:00,3320.267731,2824.833282
2020-03-19 00:00:00,2859.909494,2820.565857
2020-03-20 00:00:00,2993.380572,2866.530945
2020-03-23 00:00:00,2760.163082,2417.455353
2020-03-24 00:00:00,2708.794177,2474.851837
2020-03-25 00:00:00,2610.480911,2740.441895
2020-03-26 00:00:00,2957.413324,2893.008789
2020-03-27 00:00:00,3241.26949,2949.846405
2020-03-30 00:00:00,3027.362956,2757.673065
2020-03-31 00:00:00,3021.254062,2809.863251
2020-04-01 00:00:00,2985.860292,2632.40686
2020-04-03 00:00:00,2821.70121,2519.822876
2020-04-07 00:00:00,2873.822436,2757.06839
2020-04-08 00:00:00,2892.288988,2735.365692
2020-04-09 00:00:00,2989.314792,2906.695068
2020-04-13 00:00:00,3064.49514,2843.407227
2020-04-15 00:00:00,3094.700943,2730.889343
2020-04-16 00:00:00,2884.410217,2723.298859
2020-04-17 00:00:00,3044.615967,2896.296753
2020-04-20 00:00:00,3155.238586,2884.463684
2020-04-21 00:00:00,2975.209152,2751.120789
2020-04-22 00:00:00,2912.485309,2794.144196
2020-04-23 00:00:00,3004.388577,2931.983978
2020-04-24 00:00:00,3025.006253,2862.207306
2020-04-27 00:00:00,3069.358049,2953.91214
2020-04-28 00:00:00,3161.543341,3018.104309
2020-04-29 00:00:00,3164.824856,3057.13913
2020-04-30 00:00:00,3297.72412,3125.26355
2020-05-04 00:00:00,3151.199671,2887.842682
2020-05-05 00:00:00,3112.51951,2816.723755
2020-05-06 00:00:00,2974.383457,2867.901062
2020-05-07 00:00:00,3001.5502,2805.31488
2020-05-08 00:00:00,3019.216569,2812.484009
2020-05-11 00:00:00,3013.329551,2751.397675
2020-05-12 00:00:00,2876.299625,2714.84549
2020-05-13 00:00:00,3033.65311,2812.632446
2020-05-14 00:00:00,2920.605491,2744.189453
2020-05-15 00:00:00,2908.56237,2726.160858
2020-05-18 00:00:00,2877.187824,2559.252563
2020-05-19 00:00:00,2785.191973,2567.700623
2020-05-20 00:00:00,2714.080311,2635.789825
2020-05-21 00:00:00,2790.309198,2621.835968
2020-05-22 00:00:00,2737.153913,2578.817566
2020-05-26 00:00:00,2749.348679,2590.772339
2020-05-27 00:00:00,2759.777907,2774.907593
2020-05-28 00:00:00,2953.388667,2838.372772
2020-05-29 00:00:00,2958.460603,2838.039124
2020-06-01 00:00:00,3055.867547,2915.92926
2020-06-02 00:00:00,3148.180565,3044.898346
2020-06-03 00:00:00,3267.570731,3116.437164
2020-06-04 00:00:00,3278.35156,3020.882507
2020-06-05 00:00:00,3204.682361,3074.596344
2020-06-08 00:00:00,3321.449192,3084.152893
2020-06-09 00:00:00,3274.865795,3003.164917
2020-06-10 00:00:00,3181.95323,3047.217804
2020-06-11 00:00:00,3217.86325,2966.151947
2020-06-12 00:00:00,2988.83507,2958.317596
2020-06-15 00:00:00,3096.846822,2864.944122
2020-06-16 00:00:00,3109.659282,2935.127075
2020-06-17 00:00:00,3079.120829,2898.571198
2020-06-18 00:00:00,3052.303855,3022.459381
2020-06-19 00:00:00,3192.017885,3057.481445
2020-06-22 00:00:00,3250.776151,3122.424561
2020-06-23 00:00:00,3312.125505,3191.632996
2020-06-24 00:00:00,3391.085692,3090.331421
2020-06-25 00:00:00,3237.018973,3124.283661
2020-06-26 00:00:00,3320.03046,3110.700012
2020-06-29 00:00:00,3246.759574,3119.256165
2020-06-30 00:00:00,3305.916873,3124.163177
2020-07-01 00:00:00,3257.786514,3177.138489
2020-07-02 00:00:00,3368.349556,3165.844299
2020-07-03 00:00:00,3361.370142,3156.246094
2020-07-06 00:00:00,3392.96951,3204.538513
2020-07-07 00:00:00,3389.40288,3233.970367
2020-07-08 00:00:00,3417.72486,3213.459442
2020-07-09 00:00:00,3413.299883,3253.740204
2020-07-10 00:00:00,3419.501511,3192.186035
2020-07-13 00:00:00,3402.487602,3148.495514
2020-07-14 00:00:00,3298.665785,3060.779449
2020-07-15 00:00:00,3266.748548,3056.185333
2020-07-16 00:00:00,3236.755195,3103.967407
2020-07-17 00:00:00,3272.103883,3151.164795
2020-07-20 00:00:00,3376.270985,3185.795013
2020-07-21 00:00:00,3404.915936,3258.324707
2020-07-22 00:00:00,3487.951913,3264.844116
2020-07-23 00:00:00,3437.728321,3293.093384
2020-07-24 00:00:00,3448.037443,3232.982513
2020-07-27 00:00:00,3415.605102,3131.137665
2020-07-28 00:00:00,3320.042048,3198.556366
2020-07-29 00:00:00,3370.425892,3185.590637
2020-07-30 00:00:00,3384.704253,3146.881073
2020-07-31 00:00:00,3325.219287,3118.116638
2020-08-03 00:00:00,3282.489266,3013.852081
2020-08-04 00:00:00,3221.122311,3086.509003
2020-08-05 00:00:00,3294.134708,3090.127319
2020-08-06 00:00:00,3293.221613,3113.023224
2020-08-07 00:00:00,3288.137922,3117.965454
2020-08-10 00:00:00,3307.362999,3145.362885
2020-08-11 00:00:00,3350.019645,3185.609192
2020-08-12 00:00:00,3349.220582,3155.969543
2020-08-13 00:00:00,3365.271391,3150.824982
2020-08-14 00:00:00,3356.779946,3079.871155
2020-08-17 00:00:00,3299.003252,3099.408752
2020-08-18 00:00:00,3271.326282,3180.537231
2020-08-19 00:00:00,3381.049291,3179.668121
2020-08-20 00:00:00,3325.049328,3139.487671
2020-08-21 00:00:00,3343.78126,3174.880768
2020-08-24 00:00:00,3378.752101,3266.950012
2020-08-25 00:00:00,3472.777449,3294.079041
2020-08-26 00:00:00,3503.434259,3343.768768
2020-08-27 00:00:00,3554.470782,3333.436035
2020-08-28 00:00:00,3532.600934,3435.608032
2020-08-31 00:00:00,3708.951954,3344.359406
2020-09-01 00:00:00,3573.450668,3370.032684
2020-09-02 00:00:00,3564.47176,3369.587097
2020-09-03 00:00:00,3591.535713,3321.010986
2020-09-04 00:00:00,3468.543145,3263.751129
2020-09-07 00:00:00,3458.423019,3248.34375
2020-09-08 00:00:00,3450.657346,3220.155457
2020-09-09 00:00:00,3381.603823,3159.49469
2020-09-10 00:00:00,3364.797766,3165.681915
2020-09-11 00:00:00,3357.114312,3165.230621
2020-09-14 00:00:00,3382.317558,3106.591614
2020-09-15 00:00:00,3308.620137,3154.380646
2020-09-16 00:00:00,3342.057012,3177.560425
2020-09-17 00:00:00,3333.781637,3139.077148
2020-09-18 00:00:00,3342.210302,3086.89386
2020-09-21 00:00:00,3262.144544,3051.796844
2020-09-22 00:00:00,3235.605943,3013.48111
2020-09-23 00:00:00,3218.423654,3034.943695
2020-09-24 00:00:00,3175.753628,2956.71991
2020-09-25 00:00:00,3161.20737,3001.767944
2020-09-28 00:00:00,3192.327663,3075.099243
2020-09-29 00:00:00,3268.108944,3049.614075
2020-09-30 00:00:00,3221.395651,3065.542511
2020-10-01 00:00:00,3273.268763,3162.432648
2020-10-05 00:00:00,3354.781502,3183.275848
2020-10-06 00:00:00,3402.581327,3248.139984
2020-10-07 00:00:00,3427.894656,3257.471222
2020-10-08 00:00:00,3461.12353,3284.745941
2020-10-09 00:00:00,3481.675153,3354.188965
2020-10-12 00:00:00,3555.672254,3330.571472
2020-10-13 00:00:00,3519.000196,3333.772095
2020-10-14 00:00:00,3498.793721,3374.77948
2020-10-15 00:00:00,3568.749232,3266.617126
2020-10-16 00:00:00,3463.930249,3337.1185
2020-10-19 00:00:00,3579.804875,3421.940247
2020-10-20 00:00:00,3599.387992,3432.226501
2020-10-21 00:00:00,3641.754771,3491.469513
2020-10-22 00:00:00,3660.546616,3480.015106
2020-10-23 00:00:00,3696.297415,3473.273621
2020-10-26 00:00:00,3676.314533,3457.244904
2020-10-27 00:00:00,3695.377757,3668.794861
2020-10-28 00:00:00,3837.469392,3593.222595
2020-10-29 00:00:00,3741.136849,3584.128967
2020-10-30 00:00:00,3761.642145,3548.795227
2020-11-02 00:00:00,3775.564748,3666.466797
2020-11-03 00:00:00,3873.522335,3747.689362
2020-11-04 00:00:00,3923.191885,3778.215088
2020-11-05 00:00:00,4019.435316,3849.648224
2020-11-06 00:00:00,4038.302903,3935.627319
2020-11-09 00:00:00,4179.389956,4019.715515
2020-11-10 00:00:00,4277.589732,4134.329865
2020-11-11 00:00:00,4377.527289,4213.063904
2020-11-12 00:00:00,4400.235073,4124.171387
2020-11-13 00:00:00,4319.786027,4139.470856
2020-11-14 00:00:00,4384.838175,4161.255524
2020-11-17 00:00:00,4399.665097,4239.57489
2020-11-18 00:00:00,4452.305526,4292.004883
2020-11-19 00:00:00,4471.00889,4211.830109
2020-11-20 00:00:00,4435.387776,4300.585236
2020-11-23 00:00:00,4548.298007,4276.573303
2020-11-24 00:00:00,4526.888445,4378.961243
2020-11-25 00:00:00,4648.522734,4257.685089
2020-11-26 00:00:00,4516.282323,4322.308594
2020-11-27 00:00:00,4564.678867,4341.098511
2020-12-01 00:00:00,4610.031814,4316.094147
2020-12-02 00:00:00,4556.32561,4229.270111
2020-12-03 00:00:00,4510.460241,4203.466919
2020-12-04 00:00:00,4461.665093,4267.980133
2020-12-07 00:00:00,4514.585849,4242.391113
2020-12-08 00:00:00,4512.64157,4258.901611
2020-12-09 00:00:00,4518.032446,4354.652985
2020-12-10 00:00:00,4602.471769,4342.330627
2020-12-11 00:00:00,4592.30147,4350.927765
2020-12-14 00:00:00,4627.879227,4372.240112
2020-12-15 00:00:00,4645.22652,4386.134705
2020-12-16 00:00:00,4677.261348,4399.744965
2020-12-17 00:00:00,4676.520698,4439.782959
2020-12-18 00:00:00,4686.065487,4405.107147
2020-12-21 00:00:00,4642.685024,4290.764435
2020-12-22 00:00:00,4556.575339,4286.175232
2020-12-23 00:00:00,4518.704566,4312.247864
2020-12-24 00:00:00,4577.719633,4399.860657
2020-12-28 00:00:00,4668.85189,4456.944397
2020-12-29 00:00:00,4724.405037,4501.994354
2020-12-30 00:00:00,4784.536155,4520.549622
2020-12-31 00:00:00,4779.162381,4503.375183
2021-01-01 00:00:00,4767.255483,4487.067383
2021-01-04 00:00:00,4783.331241,4454.921387
2021-01-05 00:00:00,4702.121821,4504.352966
2021-01-06 00:00:00,4791.811198,4508.046509
2021-01-07 00:00:00,4815.094265,4497.33606
2021-01-08 00:00:00,4817.625199,4532.876099
2021-01-11 00:00:00,4817.184799,4516.268433
2021-01-12 00:00:00,4763.249828,4521.942261
2021-01-13 00:00:00,4823.183766,4510.985046
2021-01-14 00:00:00,4798.386958,4504.837219
2021-01-15 00:00:00,4793.895145,4463.056152
2021-01-18 00:00:00,4759.475509,4434.654541
2021-01-19 00:00:00,4744.466892,4519.059204
2021-01-20 00:00:00,4795.828695,4515.661621
2021-01-21 00:00:00,4826.995373,4475.170593
2021-01-22 00:00:00,4733.469943,4365.977173
2021-01-25 00:00:00,4683.51444,4368.953857
2021-01-27 00:00:00,4642.52531,4246.86203
2021-01-28 00:00:00,4432.728462,4212.650635
2021-01-29 00:00:00,4532.720885,4221.760132
2021-02-01 00:00:00,4542.658089,4503.663025
2021-02-02 00:00:00,4870.598827,4661.65625
2021-02-03 00:00:00,5013.805065,4690.611572
2021-02-04 00:00:00,4976.540644,4768.572144
2021-02-05 00:00:00,5112.642264,4820.540955
2021-02-08 00:00:00,5248.206533,4833.824951
2021-02-09 00:00:00,5215.958233,4842.132202
2021-02-10 00:00:00,5209.571305,4807.301758
2021-02-11 00:00:00,5164.476357,4811.028015
2021-02-12 00:00:00,5174.240438,4836.963867
2021-02-15 00:00:00,5254.066986,4973.903992
2021-02-16 00:00:00,5384.567273,4983.203003
2021-02-17 00:00:00,5347.12723,4916.2724
2021-02-18 00:00:00,5314.907895,4828.470337
2021-02-19 00:00:00,5194.041338,4760.054199
2021-02-22 00:00:00,5140.846935,4735.61969
2021-02-23 00:00:00,5143.041951,4643.855469
2021-02-24 00:00:00,5035.950328,4813.474243
2021-02-25 00:00:00,5236.324999,4806.268188
2021-02-26 00:00:00,5100.190062,4547.454163
2021-03-01 00:00:00,5000.928929,4649.808105
2021-03-02 00:00:00,5040.815141,4662.7547
2021-03-03 00:00:00,5077.904474,4778.824463
2021-03-04 00:00:00,5046.182812,4715.575317
2021-03-05 00:00:00,5032.948605,4702.185974
2021-03-08 00:00:00,5083.149653,4696.618591
2021-03-09 00:00:00,5115.281385,4819.42981
2021-03-10 00:00:00,5209.514072,4813.712341
2021-03-12 00:00:00,5257.334907,4758.920105
2021-03-15 00:00:00,5126.828513,4704.891052
2021-03-16 00:00:00,5086.235052,4658.761841
2021-03-17 00:00:00,5030.114105,4592.81366
2021-03-18 00:00:00,4983.981066,4531.154968
2021-03-19 00:00:00,4843.052651,4556.38269
2021-03-22 00:00:00,4895.857908,4494.93573
2021-03-23 00:00:00,4868.331353,4541.531189
2021-03-24 00:00:00,4853.433224,4448.611633
2021-03-25 00:00:00,4812.488063,4406.454651
2021-03-26 00:00:00,4821.624206,4451.763
2021-03-30 00:00:00,4826.562675,4531.466858
2021-03-31 00:00:00,4858.061869,4438.70813
2021-04-01 00:00:00,4821.35189,4510.851135
2021-04-05 00:00:00,4823.789314,4379.966675
2021-04-06 00:00:00,4749.664567,4367.573975
2021-04-07 00:00:00,4698.248015,4419.537781
2021-04-08 00:00:00,4776.32347,4389.450806
2021-04-09 00:00:00,4698.341466,4371.30304
2021-04-12 00:00:00,4594.186656,4203.026794
2021-04-13 00:00:00,4522.090253,4314.848145
2021-04-15 00:00:00,4675.987044,4362.744507
2021-04-16 00:00:00,4690.21548,4344.603394
2021-04-19 00:00:00,4535.959666,4237.926086
2021-04-20 00:00:00,4602.693853,4217.68158
2021-04-22 00:00:00,4488.091,4312.121338
2021-04-23 00:00:00,4597.50356,4305.91449
2021-04-26 00:00:00,4683.443452,4371.730774
2021-04-27 00:00:00,4681.018611,4401.450989
2021-04-28 00:00:00,4754.974993,4529.401245
2021-04-29 00:00:00,4900.581179,4530.140503
2021-04-30 00:00:00,4786.190041,4391.587158
2021-05-03 00:00:00,4671.81391,4354.64917
2021-05-04 00:00:00,4711.092003,4329.355835
2021-05-05 00:00:00,4697.61531,4408.672424
2021-05-06 00:00:00,4762.151516,4428.264282
2021-05-07 00:00:00,4792.953682,4433.615723
2021-05-10 00:00:00,4823.748616,4471.875854
2021-05-11 00:00:00,4735.186058,4391.33844
2021-05-12 00:00:00,4717.964584,4320.383789
2021-05-14 00:00:00,4674.745525,4292.268982
2021-05-17 00:00:00,4665.768476,4430.486755
2021-05-18 00:00:00,4854.25853,4488.064575
2021-05-19 00:00:00,4820.738103,4443.465027
2021-05-20 00:00:00,4803.664911,4379.324463
2021-05-21 00:00:00,4768.151611,4538.490784
2021-05-24 00:00:00,4942.958658,4564.928223
2021-05-25 00:00:00,4975.421012,4521.982056
2021-05-26 00:00:00,4927.501936,4515.999084
2021-05-27 00:00:00,4901.689229,4572.806702
2021-05-28 00:00:00,5002.503018,4596.855957
2021-05-31 00:00:00,4986.7981,4645.534607
2021-06-01 00:00:00,5062.679485,4613.128906
2021-06-02 00:00:00,5011.101679,4582.072388
2021-06-03 00:00:00,5018.817103,4644.394104
2021-06-04 00:00:00,5064.411774,4606.72644
2021-06-07 00:00:00,5045.951274,4623.686707
2021-06-08 00:00:00,5030.934836,4575.9375
2021-06-09 00:00:00,4980.796256,4547.031311
2021-06-10 00:00:00,4959.231786,4575.975281
2021-06-11 00:00:00,5013.498815,4565.560608
2021-06-14 00:00:00,4956.431265,4529.993835
2021-06-15 00:00:00,4952.631418,4567.601196
2021-06-16 00:00:00,4969.485481,4545.786133
2021-06-17 00:00:00,4899.91243,4515.445618
2021-06-18 00:00:00,4933.407756,4518.210815
2021-06-21 00:00:00,4847.567347,4542.377197
2021-06-22 00:00:00,4967.352516,4522.182556
2021-06-23 00:00:00,4941.667724,4490.561401
2021-06-24 00:00:00,4898.249433,4527.486267
2021-06-25 00:00:00,4929.561764,4569.645935
2021-06-28 00:00:00,4988.606075,4563.52417
2021-06-29 00:00:00,4974.061319,4516.334106
2021-06-30 00:00:00,4913.059164,4499.805481
2021-07-01 00:00:00,4911.694535,4497.384094
2021-07-02 00:00:00,4908.319983,4503.583374
2021-07-05 00:00:00,4938.590545,4550.999695
2021-07-06 00:00:00,4954.590496,4613.39624
2021-07-07 00:00:00,5019.364573,4632.561768
2021-07-08 00:00:00,5019.654035,4564.624146
2021-07-09 00:00:00,4952.729973,4524.36499
2021-07-12 00:00:00,4953.754972,4535.432922
2021-07-13 00:00:00,4977.675234,4600.057007
2021-07-14 00:00:00,4993.603981,4597.17395
2021-07-15 00:00:00,5023.846881,4626.92395
2021-07-16 00:00:00,5051.561221,4618.067932
2021-07-19 00:00:00,4937.705111,4521.805908
2021-07-20 00:00:00,4892.260615,4451.923279
2021-07-22 00:00:00,4887.119513,4476.387817
2021-07-23 00:00:00,4885.846526,4514.976135
2021-07-26 00:00:00,4899.593742,4525.659668
2021-07-27 00:00:00,4938.946031,4464.334839
2021-07-28 00:00:00,4878.825832,4396.310974
2021-07-29 00:00:00,4828.930812,4384.749268
2021-07-30 00:00:00,4805.180317,4392.604431
2021-08-02 00:00:00,4831.577214,4410.340088
2021-08-03 00:00:00,4815.606714,4468.545471
2021-08-04 00:00:00,4919.200516,4600.798828
2021-08-05 00:00:00,5052.195908,4625.073486
2021-08-06 00:00:00,5042.795114,4624.96051
2021-08-09 00:00:00,5040.217058,4659.123657
2021-08-10 00:00:00,5062.708978,4699.124939
2021-08-11 00:00:00,5130.649203,4647.337708
2021-08-12 00:00:00,5050.4594,4664.765686
2021-08-13 00:00:00,5072.749527,4694.85907
2021-08-16 00:00:00,5093.082974,4693.471985
2021-08-17 00:00:00,5075.040569,4677.445984
2021-08-18 00:00:00,5125.682425,4622.456055
2021-08-20 00:00:00,4960.16321,4556.652893
2021-08-23 00:00:00,5000.85408,4577.222961
2021-08-24 00:00:00,4979.990635,4619.921692
2021-08-25 00:00:00,5018.710277,4600.278503
2021-08-26 00:00:00,4979.541486,4612.853088
2021-08-27 00:00:00,4994.997095,4629.685242
2021-08-30 00:00:00,5040.814749,4716.007324
2021-08-31 00:00:00,5123.422241,4754.1651
2021-09-01 00:00:00,5173.980645,4758.08606
2021-09-02 00:00:00,5167.344887,4806.17926
2021-09-03 00:00:00,5231.005184,4803.601257
2021-09-06 00:00:00,5237.746327,4776.099915
2021-09-07 00:00:00,5179.453736,4752.832825
2021-09-08 00:00:00,5159.972796,4820.846191
2021-09-09 00:00:00,5232.043914,4810.610596
2021-09-13 00:00:00,5217.026795,4805.922485
2021-09-14 00:00:00,5241.669391,4832.876221
2021-09-15 00:00:00,5238.621799,4838.831543
2021-09-16 00:00:00,5264.543813,4910.130737
2021-09-17 00:00:00,5384.351289,5030.324402
2021-09-20 00:00:00,5404.662583,4981.049988
2021-09-21 00:00:00,5417.265218,4984.205322
2021-09-22 00:00:00,5404.039703,4926.063538
2021-09-23 00:00:00,5386.110736,5036.34491
2021-09-24 00:00:00,5485.349971,5062.582825
2021-09-27 00:00:00,5508.2749,5096.264587
2021-09-28 00:00:00,5545.263822,5101.162964
2021-09-29 00:00:00,5479.535506,5028.632263
2021-09-30 00:00:00,5450.855482,4980.887207
2021-10-01 00:00:00,5376.186092,4950.509155
2021-10-04 00:00:00,5396.603602,4969.269775
2021-10-05 00:00:00,5406.545006,4970.622314
2021-10-06 00:00:00,5405.75487,4951.839539
2021-10-07 00:00:00,5433.11018,4954.776123
2021-10-08 00:00:00,5401.016414,4937.140564
2021-10-11 00:00:00,5382.76957,5020.90033
2021-10-12 00:00:00,5457.727512,5041.90155
2021-10-13 00:00:00,5527.601834,5064.333862
2021-10-14 00:00:00,5524.177784,5143.279541
2021-10-18 00:00:00,5658.731047,5149.405884
2021-10-19 00:00:00,5645.89966,5181.175659
2021-10-20 00:00:00,5650.798353,5148.593384
2021-10-21 00:00:00,5647.843308,5291.275452
2021-10-22 00:00:00,5792.488065,5335.691528
2021-10-25 00:00:00,5859.200419,5404.098572
2021-10-26 00:00:00,5870.218799,5441.198181
2021-10-27 00:00:00,5915.735061,5360.227295
2021-10-28 00:00:00,5856.004386,5159.051758
2021-10-29 00:00:00,5614.031311,5068.475586
2021-11-01 00:00:00,5595.80147,5147.455078
2021-11-02 00:00:00,5631.92579,5149.627319
2021-11-03 00:00:00,5657.624014,5066.463623
2021-11-04 00:00:00,5595.706302,5096.523804
2021-11-08 00:00:00,5619.019722,5160.509583
2021-11-09 00:00:00,5658.79945,5112.149109
2021-11-10 00:00:00,5588.902777,5073.466125
2021-11-11 00:00:00,5556.667508,5024.45813
2021-11-12 00:00:00,5532.269247,5052.538574
2021-11-15 00:00:00,5555.774533,5073.192261
2021-11-16 00:00:00,5555.613397,5033.823914
2021-11-17 00:00:00,5471.247635,4971.159241
2021-11-18 00:00:00,5443.728237,4946.44989
2021-11-22 00:00:00,5464.837295,4824.005371
2021-11-23 00:00:00,5238.594311,4850.686951
2021-11-24 00:00:00,5329.2497,4889.122986
2021-11-25 00:00:00,5355.744037,4906.282043
2021-11-26 00:00:00,5287.616627,4754.862305
2021-11-29 00:00:00,5242.380085,4806.677856
2021-11-30 00:00:00,5243.92661,4742.303223
2021-12-01 00:00:00,5213.152525,4781.26532
2021-12-02 00:00:00,5218.493753,4803.858032
2021-12-03 00:00:00,5259.426298,4733.171143
2021-12-06 00:00:00,5191.501018,4678.442688
2021-12-07 00:00:00,5176.754472,4799.506958
2021-12-08 00:00:00,5319.839455,4838.175354
2021-12-09 00:00:00,5309.595477,4806.517029
2021-12-10 00:00:00,5264.954301,4779.854736
2021-12-13 00:00:00,5284.977629,4757.276184
2021-12-14 00:00:00,5204.757604,4727.648804
2021-12-15 00:00:00,5199.309105,4747.606812
2021-12-16 00:00:00,5254.251007,4727.470886
2021-12-17 00:00:00,5173.445874,4601.491699
2021-12-20 00:00:00,4985.647146,4472.344055
2021-12-21 00:00:00,4956.723732,4483.599121
2021-12-22 00:00:00,4942.466203,4528.21698
2021-12-23 00:00:00,5010.017641,4548.278015
2021-12-24 00:00:00,4998.317099,4500.810364
2021-12-27 00:00:00,4909.431375,4550.528687
2021-12-28 00:00:00,5019.097582,4564.70813
2021-12-29 00:00:00,4998.337685,4542.308899
2021-12-30 00:00:00,4966.872079,4539.114197
2021-12-31 00:00:00,4982.261347,4611.091675
2022-01-03 00:00:00,5060.762188,4719.700195
2022-01-04 00:00:00,5182.198555,4777.006165
2022-01-05 00:00:00,5250.00592,4913.788147
2022-01-06 00:00:00,5321.469602,4859.891418
2022-01-07 00:00:00,5343.349793,4890.871338
2022-01-10 00:00:00,5376.527652,4971.86615
2022-01-11 00:00:00,5451.177119,4967.603333
2022-01-12 00:00:00,5486.033849,4994.719788
2022-01-13 00:00:00,5480.461458,4931.72113
2022-01-14 00:00:00,5390.398213,4936.602051
2022-01-17 00:00:00,5385.714516,4903.362671
2022-01-18 00:00:00,5401.76245,4931.702637
2022-01-19 00:00:00,5411.958638,4875.205139
2022-01-20 00:00:00,5390.328422,4853.979614
2022-01-21 00:00:00,5287.116854,4845.371521
2022-01-24 00:00:00,5312.49049,4735.252197
2022-01-25 00:00:00,5157.762467,4810.788025
2022-01-27 00:00:00,5215.364681,4847.440308
2022-01-28 00:00:00,5375.95327,4822.988892
2022-01-31 00:00:00,5374.57431,4819.417358
2022-02-01 00:00:00,5400.677795,4884.95459
2022-02-02 00:00:00,5450.200358,5003.524414
2022-02-03 00:00:00,5507.125815,4945.593872
2022-02-04 00:00:00,5476.355704,4924.369446
2022-02-07 00:00:00,5381.198592,4787.920471
2022-02-08 00:00:00,5318.969481,4786.048767
2022-02-09 00:00:00,5330.7298,4852.935669
2022-02-10 00:00:00,5385.695169,4920.110168
2022-02-11 00:00:00,5375.289054,4855.006897
2022-02-14 00:00:00,5246.337721,4663.9953
2022-02-15 00:00:00,5155.113974,4817.762634
2022-02-16 00:00:00,5333.57341,4821.159058
2022-02-17 00:00:00,5319.832926,4772.052673
2022-02-18 00:00:00,5235.44296,4790.09375
2022-02-21 00:00:00,5243.07647,4806.867004
2022-02-22 00:00:00,5176.329906,4797.777588
2022-02-23 00:00:00,5308.130341,4824.130188
2022-02-24 00:00:00,5123.882829,4571.771301
2022-02-25 00:00:00,5102.549618,4718.437927
2022-02-28 00:00:00,5107.792731,4672.425537
2022-03-02 00:00:00,5018.7414,4566.44873
2022-03-03 00:00:00,5044.248921,4521.009705
2022-03-04 00:00:00,4903.801189,4444.182922
2022-03-07 00:00:00,4718.792399,4283.332397
2022-03-08 00:00:00,4653.073848,4311.140808
2022-03-09 00:00:00,4733.937227,4375.054443
2022-03-10 00:00:00,4995.267729,4440.574097
2022-03-11 00:00:00,4864.83833,4450.333374
2022-03-14 00:00:00,4901.820876,4556.937439
2022-03-15 00:00:00,5025.757403,4473.506409
2022-03-16 00:00:00,5012.235996,4559.386475
2022-03-17 00:00:00,5108.41795,4676.556519
2022-03-21 00:00:00,5162.382799,4617.626282
2022-03-22 00:00:00,5079.701366,4668.373474
2022-03-23 00:00:00,5172.708792,4611.470703
2022-03-24 00:00:00,4981.818779,4502.573242
2022-03-25 00:00:00,4993.390136,4493.529663
2022-03-28 00:00:00,4973.030834,4523.751221
2022-03-29 00:00:00,5028.84741,4553.449158
2022-03-30 00:00:00,5081.312534,4638.432739
2022-03-31 00:00:00,5115.489703,4632.91449
2022-04-01 00:00:00,5094.343732,4709.139038
2022-04-04 00:00:00,5285.611196,4933.323486
2022-04-05 00:00:00,5423.643882,4847.100891
2022-04-06 00:00:00,5278.958,4759.463928
2022-04-07 00:00:00,5217.84712,4738.727539
2022-04-08 00:00:00,5240.561405,4763.070007
2022-04-11 00:00:00,5225.680127,4740.512756
2022-04-12 00:00:00,5195.06383,4772.778015
2022-04-13 00:00:00,5276.682757,4716.130249
2022-04-18 00:00:00,5130.160146,4621.457153
2022-04-19 00:00:00,5117.552387,4534.520142
2022-04-20 00:00:00,5041.705021,4546.443176
2022-04-21 00:00:00,5051.937563,4618.885803
2022-04-22 00:00:00,5060.512923,4532.432251
2022-04-25 00:00:00,4963.501606,4547.826233
2022-04-26 00:00:00,5070.649095,4563.542786
2022-04-27 00:00:00,4994.275084,4537.237793
2022-04-28 00:00:00,5031.627304,4584.140747
2022-04-29 00:00:00,5066.895433,4567.241882
2022-05-02 00:00:00,4970.822926,4565.82373
2022-05-04 00:00:00,5033.957004,4484.779907
2022-05-05 00:00:00,5004.264769,4503.36615
2022-05-06 00:00:00,4861.851813,4408.957214
2022-05-09 00:00:00,4788.311243,4385.059631
2022-05-10 00:00:00,4830.857476,4432.062805
2022-05-11 00:00:00,4904.325618,4467.466675
2022-05-12 00:00:00,4886.175571,4348.790955
2022-05-13 00:00:00,4838.723798,4324.454834
2022-05-16 00:00:00,4759.336112,4379.546387
2022-05-17 00:00:00,4839.279261,4457.714844
2022-05-18 00:00:00,4920.703848,4466.012451
2022-05-19 00:00:00,4800.95546,4350.844116
2022-05-20 00:00:00,4839.880322,4471.006348
2022-05-23 00:00:00,4926.835472,4483.255676
2022-05-24 00:00:00,4916.619142,4512.003174
2022-05-25 00:00:00,4990.460416,4552.485046
2022-05-26 00:00:00,5030.908217,4623.406006
2022-05-27 00:00:00,5106.107742,4701.569824
2022-05-30 00:00:00,5190.152166,4681.705383
2022-05-31 00:00:00,5109.519866,4609.011597
2022-06-01 00:00:00,5038.064463,4633.622681
2022-06-02 00:00:00,5054.215112,4619.346558
2022-06-03 00:00:00,5122.019368,4596.19043
2022-06-06 00:00:00,5022.24088,4602.306396
2022-06-07 00:00:00,5020.975088,4558.253906
2022-06-08 00:00:00,5026.132704,4537.524109
2022-06-09 00:00:00,4972.18651,4573.059692
2022-06-10 00:00:00,4962.945403,4460.942322
2022-06-13 00:00:00,4792.544978,4340.01062
2022-06-14 00:00:00,4743.249347,4327.483093
2022-06-15 00:00:00,4753.996022,4321.4505
2022-06-16 00:00:00,4787.715072,4211.233337
2022-06-17 00:00:00,4602.912416,4225.674377
2022-06-20 00:00:00,4665.422737,4255.118896
2022-06-21 00:00:00,4712.433191,4289.462708
2022-06-22 00:00:00,4696.019616,4252.679688
2022-06-23 00:00:00,4695.474557,4286.528564
2022-06-24 00:00:00,4761.81183,4337.476379
2022-06-27 00:00:00,4840.65717,4339.900635
2022-06-28 00:00:00,4754.853251,4305.505615
2022-06-29 00:00:00,4705.092563,4253.273071
2022-06-30 00:00:00,4676.376711,4291.341797
2022-07-01 00:00:00,4710.934131,4307.502869
2022-07-04 00:00:00,4755.186435,4338.558777
2022-07-05 00:00:00,4813.800227,4321.29895
2022-07-06 00:00:00,4801.04644,4396.54541
2022-07-07 00:00:00,4901.66591,4471.161682
2022-07-08 00:00:00,4991.078287,4502.914612
2022-07-11 00:00:00,4962.782212,4532.298889
2022-07-12 00:00:00,4972.76362,4483.112061
2022-07-13 00:00:00,4965.446383,4470.235107
2022-07-14 00:00:00,4937.291006,4479.139648
2022-07-15 00:00:00,4951.399543,4500.277649
2022-07-18 00:00:00,4979.95503,4586.341797
2022-07-19 00:00:00,5026.275751,4600.596802
2022-07-20 00:00:00,5121.03446,4617.456665
2022-07-21 00:00:00,5106.147637,4598.764954
2022-07-22 00:00:00,5104.14116,4684.99353
2022-07-25 00:00:00,5177.269487,4654.955566
2022-07-26 00:00:00,5145.528934,4593.010681
2022-07-27 00:00:00,5085.207412,4612.453674
2022-07-28 00:00:00,5170.184782,4719.409485
2022-07-29 00:00:00,5279.202212,4720.958435
2022-08-01 00:00:00,5243.96664,4788.585999
2022-08-02 00:00:00,5286.568557,4796.028931
2022-08-03 00:00:00,5303.637989,4772.76532
2022-08-04 00:00:00,5312.896076,4742.310242
2022-08-05 00:00:00,5274.393199,4760.217102
2022-08-08 00:00:00,5267.598819,4825.586487
2022-08-10 00:00:00,5336.088344,4818.599609
2022-08-11 00:00:00,5376.744218,4894.194519
2022-08-12 00:00:00,5411.168702,4897.413818
2022-08-16 00:00:00,5441.877865,4927.953735
2022-08-17 00:00:00,5452.922769,4940.205322
2022-08-18 00:00:00,5435.401144,5001.41095
2022-08-19 00:00:00,5534.309901,4933.907959
2022-08-22 00:00:00,5367.7987,4833.596191
2022-08-23 00:00:00,5288.70208,4869.360596
2022-08-24 00:00:00,5352.800868,4900.323181
2022-08-25 00:00:00,5421.980536,4885.960876
2022-08-26 00:00:00,5408.309755,4919.52356
2022-08-29 00:00:00,5306.287898,4811.723145
2022-08-30 00:00:00,5342.181855,4976.005005
2022-09-01 00:00:00,5377.005461,4929.863831
2022-09-02 00:00:00,5466.604995,4962.985168
2022-09-05 00:00:00,5472.981938,5006.998291
2022-09-06 00:00:00,5538.773703,4974.368958
2022-09-07 00:00:00,5444.856787,4958.175842
2022-09-08 00:00:00,5510.124016,5041.179932
2022-09-09 00:00:00,5609.252693,5045.937378
2022-09-12 00:00:00,5589.144823,5060.573975
2022-09-13 00:00:00,5625.612216,5086.311279
2022-09-14 00:00:00,5544.430255,5138.124695
2022-09-15 00:00:00,5708.885989,5096.359314
2022-09-16 00:00:00,5613.780878,5056.267944
2022-09-19 00:00:00,5582.316984,5064.195984
2022-09-20 00:00:00,5665.798158,5123.805237
2022-09-21 00:00:00,5645.306644,5092.658508
2022-09-22 00:00:00,5599.996547,5006.547058
2022-09-23 00:00:00,5513.66573,4896.517761
2022-09-26 00:00:00,5354.626926,4797.26001
2022-09-27 00:00:00,5338.964919,4741.756958
2022-09-28 00:00:00,5227.009731,4687.403625
2022-09-29 00:00:00,5227.800461,4650.214478
2022-09-30 00:00:00,5155.977892,4773.862488
2022-10-03 00:00:00,5256.135086,4706.947754
2022-10-04 00:00:00,5287.975128,4822.859741
2022-10-06 00:00:00,5360.589586,4833.536377
2022-10-07 00:00:00,5325.854875,4831.746826
2022-10-10 00:00:00,5274.461542,4819.529114
2022-10-11 00:00:00,5324.218845,4783.022827
2022-10-12 00:00:00,5298.28651,4835.094788
2022-10-13 00:00:00,5329.015439,4789.543945
2022-10-14 00:00:00,5393.297472,4881.00531
2022-10-17 00:00:00,5383.713126,4940.665405
2022-10-18 00:00:00,5505.39912,4953.183655
2022-10-19 00:00:00,5530.444807,4986.030701
2022-10-20 00:00:00,5487.680166,4963.28125
2022-10-21 00:00:00,5543.971424,5084.740601
2022-10-24 00:00:00,5679.88747,5127.501831
2022-10-25 00:00:00,5706.66753,5060.695618
2022-10-27 00:00:00,5681.468187,5094.105469
2022-10-28 00:00:00,5651.917323,5089.305359
2022-10-31 00:00:00,5681.256193,5147.805054
2022-11-01 00:00:00,5726.516778,5136.932312
2022-11-02 00:00:00,5720.671,5126.626892
2022-11-03 00:00:00,5645.147629,5114.710693
2022-11-04 00:00:00,5684.299684,5105.138794
2022-11-07 00:00:00,5730.058727,5115.919922
2022-11-09 00:00:00,5741.034135,5120.181091
2022-11-10 00:00:00,5669.506659,5125.170471
2022-11-11 00:00:00,5779.344161,5199.347839
2022-11-14 00:00:00,5784.874976,5215.792053
2022-11-15 00:00:00,5804.955316,5233.229248
2022-11-16 00:00:00,5813.472991,5298.796326
2022-11-17 00:00:00,5859.667348,5277.928467
2022-11-18 00:00:00,5872.005328,5284.299622
2022-11-21 00:00:00,5848.748092,5264.580627
2022-11-22 00:00:00,5861.145387,5260.190002
2022-11-23 00:00:00,5868.081383,5286.105896
2022-11-24 00:00:00,5885.536402,5317.938965
2022-11-25 00:00:00,5921.40402,5295.040527
2022-11-28 00:00:00,5846.3417,5288.683472
2022-11-29 00:00:00,5873.843469,5293.714233
2022-11-30 00:00:00,5897.174008,5340.185364
2022-12-01 00:00:00,5959.015192,5328.443787
2022-12-02 00:00:00,5870.912784,5304.78949
2022-12-05 00:00:00,5913.890452,5315.12323
2022-12-06 00:00:00,5868.604985,5304.92865
2022-12-07 00:00:00,5891.954401,5289.975647
2022-12-08 00:00:00,5869.049665,5318.519836
2022-12-09 00:00:00,5939.309496,5313.2677
2022-12-12 00:00:00,5868.975299,5308.723267
2022-12-13 00:00:00,5905.468151,5324.423584
2022-12-14 00:00:00,5932.328,5329.603333
2022-12-15 00:00:00,5922.131654,5273.054993
2022-12-16 00:00:00,5834.442014,5248.431641
2022-12-19 00:00:00,5841.240706,5286.38092
2022-12-20 00:00:00,5828.179262,5270.99176
2022-12-21 00:00:00,5880.202885,5188.723389
2022-12-22 00:00:00,5792.285397,5180.464172
2022-12-23 00:00:00,5700.217768,5137.953491
2022-12-26 00:00:00,5697.071678,5196.570374
2022-12-27 00:00:00,5796.484954,5216.271545
2022-12-28 00:00:00,5785.904276,5205.068298
2022-12-29 00:00:00,5765.855212,5233.634827
2022-12-30 00:00:00,5844.269475,5211.719727
2023-01-02 00:00:00,5806.002233,5229.201782
2023-01-03 00:00:00,5812.200692,5266.943054
2023-01-04 00:00:00,5853.938695,5219.25769
2023-01-05 00:00:00,5813.244437,5181.378845
2023-01-06 00:00:00,5772.119478,5124.324585
2023-01-09 00:00:00,5734.665021,5174.366333
2023-01-10 00:00:00,5767.703697,5111.282837
2023-01-11 00:00:00,5693.172785,5142.047913
2023-01-12 00:00:00,5719.814881,5108.360718
2023-01-13 00:00:00,5688.456511,5121.46637
2023-01-16 00:00:00,5733.887788,5082.047974
2023-01-17 00:00:00,5666.848962,5122.331055
2023-01-18 00:00:00,5702.22231,5162.002686
2023-01-19 00:00:00,5734.41259,5138.315613
2023-01-20 00:00:00,5732.478574,5156.299438
2023-01-23 00:00:00,5782.722178,5192.420532
2023-01-24 00:00:00,5794.900728,5167.450256
2023-01-25 00:00:00,5732.361067,5078.457397
2023-01-27 00:00:00,5596.745533,4954.081055
2023-01-30 00:00:00,5412.341147,4969.846252
2023-01-31 00:00:00,5508.879843,4972.142883
2023-02-01 00:00:00,5563.678087,5010.617981
2023-02-02 00:00:00,5443.513073,5024.904602
2023-02-03 00:00:00,5569.430375,5117.366211
2023-02-06 00:00:00,5639.39147,5067.453308
2023-02-07 00:00:00,5614.248504,5093.72168
2023-02-08 00:00:00,5630.52939,5082.509644
2023-02-09 00:00:00,5627.156553,5082.153931
2023-02-10 00:00:00,5603.910973,5082.462952
2023-02-13 00:00:00,5617.496714,5074.180908
2023-02-14 00:00:00,5604.405913,5111.614258
2023-02-15 00:00:00,5637.201169,5126.34021
2023-02-16 00:00:00,5674.741097,5118.028076
2023-02-17 00:00:00,5623.947995,5064.784912
2023-02-20 00:00:00,5595.605261,5009.293762
2023-02-21 00:00:00,5529.649037,5007.561401
2023-02-22 00:00:00,5489.490795,4921.213867
2023-02-23 00:00:00,5422.680238,4928.577942
2023-02-24 00:00:00,5464.262471,4911.780884
2023-02-27 00:00:00,5406.990629,4963.457703
2023-02-28 00:00:00,5471.381878,4961.553467
2023-03-01 00:00:00,5489.326537,4998.066589
2023-03-02 00:00:00,5499.526033,4939.758667
2023-03-03 00:00:00,5491.17374,5021.047607
2023-03-06 00:00:00,5582.737768,5038.21698
2023-03-08 00:00:00,5554.320647,5036.295776
2023-03-09 00:00:00,5576.426836,5004.06665
2023-03-10 00:00:00,5489.093638,4916.860168
2023-03-13 00:00:00,5436.099789,4838.511414
2023-03-14 00:00:00,5342.623309,4811.214539
2023-03-15 00:00:00,5366.504367,4793.869019
2023-03-16 00:00:00,5296.377184,4805.757996
2023-03-17 00:00:00,5349.401274,4874.365295
2023-03-20 00:00:00,5371.070629,4870.616333
2023-03-21 00:00:00,5400.985015,4928.621216
2023-03-22 00:00:00,5445.120686,4925.038818
2023-03-23 00:00:00,5406.531219,4881.819092
2023-03-24 00:00:00,5366.05258,4879.95752
2023-03-27 00:00:00,5382.719472,4889.474365
2023-03-28 00:00:00,5395.655806,4900.625244
2023-03-29 00:00:00,5398.884725,4936.609436
2023-03-31 00:00:00,5473.905521,5011.057617
2023-04-03 00:00:00,5524.873401,5037.328918
2023-04-05 00:00:00,5562.023047,5082.344116
2023-04-06 00:00:00,5579.670325,5081.93457
2023-04-10 00:00:00,5597.326878,5065.449768
2023-04-11 00:00:00,5671.877984,5176.264282
2023-04-12 00:00:00,5693.873731,5200.688965
2023-04-13 00:00:00,5712.132938,5255.347778
2023-04-17 00:00:00,5846.472395,5258.227539
2023-04-18 00:00:00,5800.698599,5238.9776
2023-04-19 00:00:00,5769.79241,5246.727661
2023-04-20 00:00:00,5775.846132,5249.678101
2023-04-21 00:00:00,5772.837527,5248.871826
2023-04-24 00:00:00,5804.820062,5302.358032
2023-04-25 00:00:00,5846.305481,5275.561462
2023-04-26 00:00:00,5799.033147,5283.080078
2023-04-27 00:00:00,5820.237919,5319.079346
2023-04-28 00:00:00,5868.402919,5332.887756
2023-05-02 00:00:00,5889.67455,5330.639099
2023-05-03 00:00:00,5867.521872,5336.136719
2023-05-04 00:00:00,5876.713278,5391.511597
2023-05-05 00:00:00,5873.610876,5277.488708
2023-05-08 00:00:00,5851.136207,5349.709717
2023-05-09 00:00:00,5932.161006,5351.576233
2023-05-10 00:00:00,5915.936048,5366.634705
2023-05-11 00:00:00,5947.67498,5376.064392
2023-05-12 00:00:00,5920.31057,5412.191895
2023-05-15 00:00:00,5970.95319,5439.310547
2023-05-16 00:00:00,6027.062245,5406.617859
2023-05-17 00:00:00,5978.201779,5350.240784
2023-05-18 00:00:00,5957.554139,5381.791443
2023-05-19 00:00:00,5956.951955,5414.81958
2023-05-22 00:00:00,5969.220345,5397.266968
2023-05-23 00:00:00,5965.218195,5376.383362
2023-05-24 00:00:00,5915.159547,5333.253601
2023-05-25 00:00:00,5897.722963,5349.259644
2023-05-26 00:00:00,5936.170665,5386.912659
2023-05-29 00:00:00,5993.775484,5414.836426
2023-05-30 00:00:00,5989.901289,5446.912476
2023-05-31 00:00:00,6024.017824,5437.618958
2023-06-01 00:00:00,5984.59407,5338.83136
2023-06-02 00:00:00,5946.766662,5358.362305
2023-06-05 00:00:00,5957.512369,5375.534973
2023-06-06 00:00:00,5967.029665,5417.452881
2023-06-07 00:00:00,6019.606407,5412.701355
2023-06-08 00:00:00,5978.835078,5344.037109
2023-06-09 00:00:00,5913.289198,5344.200134
2023-06-12 00:00:00,5917.608664,5339.371338
2023-06-13 00:00:00,5894.667256,5337.609253
2023-06-14 00:00:00,5914.536863,5332.781799
2023-06-15 00:00:00,5916.292841,5268.834473
2023-06-16 00:00:00,5844.946017,5324.909729
2023-06-19 00:00:00,5902.92532,5266.871704
2023-06-20 00:00:00,5819.951894,5301.104065
2023-06-21 00:00:00,5876.405229,5320.718445
2023-06-22 00:00:00,5877.986433,5320.801025
2023-06-23 00:00:00,5858.1808,5302.795776
2023-06-26 00:00:00,5859.106599,5295.359802
2023-06-27 00:00:00,5865.362501,5360.908081
2023-06-28 00:00:00,5949.702776,5380.332642
2023-06-30 00:00:00,5981.553933,5417.67511
2023-07-03 00:00:00,6007.965748,5435.651001
2023-07-04 00:00:00,6028.372968,5452.382935
2023-07-05 00:00:00,6017.4845,5410.149963
2023-07-06 00:00:00,5977.965311,5441.041016
2023-07-07 00:00:00,5996.215764,5386.956787
2023-07-10 00:00:00,5971.501795,5385.744507
2023-07-11 00:00:00,5988.32646,5363.297241
2023-07-12 00:00:00,5964.58539,5355.799316
2023-07-13 00:00:00,5984.710352,5376.618713
2023-07-14 00:00:00,5974.668933,5380.41925
2023-07-17 00:00:00,5971.086756,5458.582458
2023-07-18 00:00:00,6077.053317,5456.397522
2023-07-19 00:00:00,6053.521226,5478.313721
2023-07-20 00:00:00,6062.444917,5567.31073
2023-07-21 00:00:00,6147.039839,5562.531006
2023-07-24 00:00:00,6159.890516,5487.658325
2023-07-25 00:00:00,6122.083984,5477.545105
2023-07-26 00:00:00,6089.688496,5507.482483
2023-07-27 00:00:00,6134.993967,5445.726379
2023-07-28 00:00:00,6034.13043,5415.430542
2023-07-31 00:00:00,6022.093978,5408.760803
2023-08-01 00:00:00,6020.766237,5415.462524
2023-08-02 00:00:00,5968.38123,5345.704834
2023-08-03 00:00:00,5919.151865,5302.464966
2023-08-04 00:00:00,5916.110448,5364.480652
2023-08-07 00:00:00,5949.649015,5356.777649
2023-08-08 00:00:00,5929.317308,5369.441833
2023-08-09 00:00:00,5946.134562,5371.425232
2023-08-10 00:00:00,5923.426528,5307.587402
2023-08-11 00:00:00,5870.273135,5267.675476
2023-08-14 00:00:00,5815.018071,5271.919678
2023-08-16 00:00:00,5777.932141,5249.472778
2023-08-17 00:00:00,5796.556474,5218.904114
2023-08-18 00:00:00,5755.877052,5203.062134
2023-08-21 00:00:00,5777.579497,5225.42218
2023-08-22 00:00:00,5806.316993,5222.73468
2023-08-23 00:00:00,5795.27532,5280.419678
2023-08-24 00:00:00,5875.731767,5278.297546
2023-08-25 00:00:00,5814.915424,5261.825928
2023-08-28 00:00:00,5821.73486,5296.587708
2023-08-29 00:00:00,5881.884712,5289.457825
2023-08-30 00:00:00,5882.978838,5263.696472
2023-08-31 00:00:00,5823.44476,5230.420654
2023-09-01 00:00:00,5787.455779,5273.464844
2023-09-04 00:00:00,5860.015909,5264.060364
2023-09-05 00:00:00,5836.737309,5263.622498
2023-09-06 00:00:00,5824.425665,5256.001404
2023-09-07 00:00:00,5819.228999,5311.044373
2023-09-08 00:00:00,5889.771714,5334.577148
2023-09-11 00:00:00,5929.975484,5385.266785
2023-09-12 00:00:00,6009.64451,5406.239502
2023-09-13 00:00:00,5970.17658,5439.37616
2023-09-14 00:00:00,6034.175952,5439.705872
2023-09-15 00:00:00,6033.558162,5461.61499
2023-09-18 00:00:00,6031.824187,5409.193604
2023-09-20 00:00:00,5938.084275,5335.357666
2023-09-21 00:00:00,5901.624038,5250.981689
2023-09-22 00:00:00,5835.341669,5223.223938
2023-09-25 00:00:00,5814.710052,5259.172974
2023-09-26 00:00:00,5831.793717,5233.074585
2023-09-27 00:00:00,5795.607956,5228.95813
2023-09-28 00:00:00,5818.741629,5199.135376
2023-09-29 00:00:00,5797.060836,5219.213989
2023-10-03 00:00:00,5798.974833,5185.4151
2023-10-04 00:00:00,5739.657567,5146.003296
2023-10-05 00:00:00,5749.192314,5182.708313
2023-10-06 00:00:00,5782.363818,5192.685425
2023-10-09 00:00:00,5740.081151,5139.312073
2023-10-10 00:00:00,5734.495603,5213.03595
2023-10-11 00:00:00,5819.629549,5251.598999
2023-10-12 00:00:00,5835.447889,5254.65979
2023-10-13 00:00:00,5790.617374,5211.595825
2023-10-16 00:00:00,5766.081287,5204.133057
2023-10-17 00:00:00,5811.359667,5243.079041
2023-10-18 00:00:00,5810.037116,5178.536194
2023-10-19 00:00:00,5692.570577,5149.486572
2023-10-20 00:00:00,5689.110619,5174.330933
2023-10-23 00:00:00,5737.056186,5110.1745
2023-10-25 00:00:00,5674.387587,5065.492126
2023-10-26 00:00:00,5601.082885,5008.875061
2023-10-27 00:00:00,5584.188454,5057.13031
2023-10-30 00:00:00,5600.706086,5086.156006
2023-10-31 00:00:00,5685.794341,5082.735107
2023-11-01 00:00:00,5611.663357,5054.447327
2023-11-02 00:00:00,5649.219012,5086.94342
2023-11-03 00:00:00,5678.413638,5109.03125
2023-11-06 00:00:00,5719.512352,5158.663513
2023-11-07 00:00:00,5715.212271,5176.66748
2023-11-08 00:00:00,5750.907407,5164.469971
2023-11-09 00:00:00,5731.375249,5159.137024
2023-11-10 00:00:00,5705.16732,5173.941162
2023-11-13 00:00:00,5754.624427,5166.063049
2023-11-15 00:00:00,5801.007387,5225.310547
2023-11-16 00:00:00,5806.460836,5212.508728
2023-11-17 00:00:00,5725.784385,5155.057068
2023-11-20 00:00:00,5695.766981,5155.057007
2023-11-21 00:00:00,5737.900547,5171.996582
2023-11-22 00:00:00,5714.869387,5148.116882
2023-11-23 00:00:00,5692.159849,5151.60321
2023-11-24 00:00:00,5705.846378,5182.740479
2023-11-28 00:00:00,5745.152928,5186.362549
2023-11-29 00:00:00,5767.766269,5280.588989
2023-11-30 00:00:00,5855.707525,5291.720276
2023-12-01 00:00:00,5855.166517,5325.447876
2023-12-04 00:00:00,5988.081959,5511.749817
2023-12-05 00:00:00,6155.555063,5564.65094
2023-12-06 00:00:00,6189.864919,5539.599915
2023-12-07 00:00:00,6132.282615,5540.796326
2023-12-08 00:00:00,6134.275645,5599.915771
2023-12-11 00:00:00,6202.291654,5594.847412
2023-12-12 00:00:00,6212.270992,5572.090637
2023-12-13 00:00:00,6192.028662,5552.36615
2023-12-14 00:00:00,6226.533989,5624.153809
2023-12-15 00:00:00,6261.451534,5630.839233
2023-12-18 00:00:00,6257.487949,5601.547668
2023-12-19 00:00:00,6253.081553,5601.330444
2023-12-20 00:00:00,6268.034223,5566.629822
2023-12-21 00:00:00,6166.500846,5605.031616
2023-12-22 00:00:00,6236.649766,5580.07843
2023-12-26 00:00:00,6220.74481,5624.581665
2023-12-27 00:00:00,6265.593237,5679.81366
2023-12-28 00:00:00,6340.498866,5705.834106
2023-12-29 00:00:00,6315.079875,5681.778503
